season,holiday,workingday,weather,temp,atemp,humidity,windspeed,count
2,0,1,2,14.76,18.18,87,7.0015,84
4,0,1,1,20.5,24.240000000000002,51,12.998,179
2,0,1,2,24.599999999999998,31.06,38,0,217
3,0,1,1,30.34,32.574999999999996,35,7.0015,229
1,0,1,2,8.200000000000001,9.09,40,19.0012,54
3,0,1,1,29.52,33.335,57.99999999999999,15.001299999999999,187
3,0,1,2,28.7,31.819999999999997,39,0,218
2,0,1,2,27.060000000000002,31.06,74,19.0012,242
4,0,1,3,22.14,25.759999999999998,88,15.001299999999999,101
4,0,1,3,25.419999999999998,27.275,94,7.0015,29
1,0,1,2,8.200000000000001,9.09,86,22.0028,3
1,0,1,1,20.5,24.240000000000002,45,15.001299999999999,105
4,0,0,1,22.14,25.759999999999998,39,22.0028,675
3,0,1,1,35.26,37.12,30,19.0012,147
2,0,1,3,13.940000000000001,15.909999999999998,87,16.997899999999998,36
1,0,0,1,12.299999999999999,15.15,39,8.9981,305
1,0,1,3,18.04,21.97,94,19.999499999999998,58
2,0,1,2,22.96,26.515,68,15.001299999999999,263
3,0,1,1,36.9,40.15,31,11.0014,275
4,0,1,1,25.419999999999998,30.305,61,6.0032,316
2,0,1,2,18.86,22.725,55.00000000000001,0,153
1,0,0,1,18.86,22.725,51,22.0028,300
1,0,0,1,18.04,21.97,47,6.0032,282
3,0,1,2,32.800000000000004,37.12,52,0,280
1,1,0,1,11.48,13.635,36,16.997899999999998,202
3,0,1,2,34.44,41.665,59,12.998,67
1,0,1,2,13.120000000000001,14.395,39,30.002599999999997,219
1,0,1,1,12.299999999999999,14.395,28.000000000000004,12.998,62
1,0,1,1,16.400000000000002,20.455000000000002,43,19.0012,182
3,0,1,2,31.16,36.364999999999995,66,7.0015,243
2,0,0,1,29.52,34.089999999999996,62,15.001299999999999,385
2,0,1,3,18.86,22.725,59,0,64
3,0,1,1,36.9,40.15,33,16.997899999999998,168
1,0,1,2,17.22,21.21,77,0,137
4,0,1,2,17.22,21.21,71,6.0032,171
4,0,1,1,27.060000000000002,31.06,61,16.997899999999998,365
4,0,1,2,20.5,24.240000000000002,88,11.0014,74
1,0,1,2,5.74,6.0600000000000005,46,16.997899999999998,75
4,0,0,1,12.299999999999999,16.665,28.000000000000004,0,242
2,0,1,1,19.68,23.485,36,30.002599999999997,203
1,0,1,2,9.84,11.365,56.00000000000001,12.998,224
1,0,1,1,7.38,6.819999999999999,37,35.0008,74
2,0,1,1,22.96,26.515,21,15.001299999999999,311
3,0,1,1,34.44,36.364999999999995,28.000000000000004,15.001299999999999,127
2,0,0,1,28.7,32.574999999999996,57.99999999999999,11.0014,385
3,0,1,1,38.54,41.665,28.999999999999996,16.997899999999998,214
2,0,1,2,20.5,24.240000000000002,82,11.0014,197
4,0,0,1,24.599999999999998,31.06,38,11.0014,702
2,0,1,1,26.240000000000002,31.06,36,31.0009,157
1,0,1,3,9.02,11.365,75,11.0014,50
4,0,0,2,15.58,19.695,76,12.998,356
4,0,1,2,26.240000000000002,31.06,47,19.999499999999998,266
4,1,0,1,19.68,23.485,33,15.001299999999999,175
3,0,0,2,21.32,25,72,12.998,297
4,0,1,1,16.400000000000002,20.455000000000002,43,23.9994,294
3,0,1,1,36.08,37.88,27,22.0028,368
1,0,1,1,18.04,21.97,38,16.997899999999998,138
3,0,0,1,32.800000000000004,34.85,33,15.001299999999999,556
3,0,1,1,32.800000000000004,37.12,49,11.0014,226
1,0,1,1,17.22,21.21,77,11.0014,156
1,0,1,1,13.940000000000001,15.15,42,19.999499999999998,118
3,0,0,1,27.060000000000002,31.06,47,0,757
1,0,1,1,18.04,21.97,62,32.9975,132
4,0,0,1,25.419999999999998,31.06,41,19.999499999999998,680
3,0,0,3,26.240000000000002,28.79,89,36.9974,23
2,0,0,1,24.599999999999998,31.06,46,6.0032,382
4,0,1,1,22.96,26.515,46,7.0015,161
2,0,0,3,21.32,25,94,16.997899999999998,196
3,0,1,1,27.880000000000003,31.819999999999997,36,8.9981,352
2,0,1,2,21.32,25,87,19.0012,190
4,0,0,2,10.66,12.879999999999999,41,15.001299999999999,202
3,0,1,2,32.800000000000004,39.395,63,23.9994,216
2,0,1,1,29.52,32.574999999999996,37,16.997899999999998,265
1,0,1,1,16.400000000000002,20.455000000000002,54,35.0008,170
1,0,1,3,9.02,12.879999999999999,93,6.0032,37
3,0,0,1,32.800000000000004,37.12,49,23.9994,430
3,0,1,1,31.98,34.85,43,19.0012,229
4,0,0,2,21.32,25,28.999999999999996,27.999299999999998,354
2,0,0,2,14.76,17.424999999999997,81,8.9981,212
2,0,0,1,29.52,32.574999999999996,39,26.0027,543
2,0,1,1,26.240000000000002,31.06,41,30.002599999999997,282
2,0,1,1,30.34,33.335,51,30.002599999999997,176
3,0,1,1,36.08,37.88,28.000000000000004,12.998,272
2,0,1,1,25.419999999999998,31.06,41,12.998,360
4,0,0,1,16.400000000000002,20.455000000000002,50,11.0014,426
4,0,1,1,15.58,19.695,46,26.0027,203
3,0,1,1,31.16,34.089999999999996,45,8.9981,294
3,0,0,1,39.36,43.18,31,23.9994,342
1,0,0,1,14.76,16.665,37,23.9994,364
4,0,1,2,18.86,22.725,67,0,133
1,0,1,2,8.200000000000001,11.365,51,7.0015,57
4,0,1,1,18.86,22.725,36,0,326
4,0,1,3,22.14,25.759999999999998,94,11.0014,97
1,0,0,3,8.200000000000001,9.85,80,12.998,95
2,0,1,1,28.7,31.819999999999997,37,0,227
1,0,1,2,16.400000000000002,20.455000000000002,71,7.0015,128
2,0,1,1,26.240000000000002,31.06,41,23.9994,274
3,0,1,2,35.26,39.395,44,16.997899999999998,331
1,0,1,1,14.76,16.665,53,16.997899999999998,107
4,0,1,2,28.7,32.574999999999996,54,16.997899999999998,380
1,0,1,3,17.22,21.21,0,15.001299999999999,34
4,0,1,1,28.7,32.574999999999996,48,0,424
3,0,1,1,31.98,35.605,52,16.997899999999998,204
3,0,1,2,31.98,35.605,52,16.997899999999998,245
3,0,0,1,29.52,34.089999999999996,66,7.0015,616
3,0,1,1,35.26,41.665,53,15.001299999999999,127
1,0,0,1,13.940000000000001,15.909999999999998,56.99999999999999,16.997899999999998,373
2,0,1,2,25.419999999999998,31.06,56.99999999999999,19.999499999999998,218
4,0,1,2,18.04,21.97,57.99999999999999,7.0015,224
3,0,0,1,32.800000000000004,37.88,55.00000000000001,15.001299999999999,382
3,0,0,1,36.9,42.425000000000004,42,31.0009,526
1,1,0,1,15.58,19.695,46,19.999499999999998,126
4,0,0,1,12.299999999999999,14.395,49,19.0012,219
4,0,1,2,22.96,26.515,78,0,313
3,0,1,1,32.800000000000004,34.85,28.999999999999996,0,142
4,0,1,2,18.04,21.97,57.99999999999999,7.0015,138
1,1,0,3,12.299999999999999,13.635,81,22.0028,103
2,0,1,1,22.14,25.759999999999998,22,19.0012,259
1,0,1,2,12.299999999999999,15.15,49,8.9981,222
1,0,0,3,18.04,21.97,100,15.001299999999999,39
1,0,1,1,9.84,10.605,35,19.0012,61
1,0,1,2,18.86,22.725,63,0,188
3,0,0,1,30.34,33.335,45,19.999499999999998,433
3,0,1,2,29.52,33.335,57.99999999999999,15.001299999999999,164
2,0,1,3,13.940000000000001,15.15,71,23.9994,129
4,0,0,1,16.400000000000002,20.455000000000002,43,15.001299999999999,345
1,0,1,2,15.58,19.695,46,19.999499999999998,88
2,0,1,1,24.599999999999998,29.544999999999998,69,12.998,265
1,0,0,1,22.96,26.515,68,11.0014,651
2,0,1,2,22.96,26.515,49,6.0032,184
4,0,0,1,23.779999999999998,27.275,35,36.9974,456
3,0,1,1,31.16,33.335,31,15.001299999999999,217
3,0,1,1,36.08,44.695,56.00000000000001,22.0028,135
4,0,1,1,19.68,23.485,48,35.0008,199
1,0,1,1,11.48,13.635,24,16.997899999999998,71
1,0,1,1,20.5,24.240000000000002,28.999999999999996,22.0028,160
1,0,0,1,7.38,6.819999999999999,37,30.002599999999997,83
3,0,1,1,36.08,40.15,39,15.001299999999999,300
3,0,1,1,29.52,32.574999999999996,30,6.0032,651
4,0,1,1,21.32,25,45,19.0012,328
2,0,1,1,28.7,31.819999999999997,42,0,336
1,0,0,1,11.48,13.635,36,16.997899999999998,91
1,0,0,1,16.400000000000002,20.455000000000002,40,12.998,328
3,0,1,2,22.96,26.515,94,8.9981,103
2,0,1,2,29.52,33.335,54,23.9994,145
3,1,0,1,32.800000000000004,36.364999999999995,46,0,408
1,0,1,2,10.66,13.635,56.00000000000001,8.9981,93
4,0,0,1,13.120000000000001,14.395,45,27.999299999999998,283
4,0,1,1,22.96,26.515,56.00000000000001,19.999499999999998,199
4,0,0,1,15.58,19.695,54,16.997899999999998,456
4,0,1,1,27.060000000000002,31.06,61,11.0014,195
2,0,1,1,31.16,34.85,52,12.998,215
1,0,1,1,12.299999999999999,12.879999999999999,39,32.9975,161
3,0,0,1,30.34,34.85,70,12.998,370
1,0,1,1,16.400000000000002,20.455000000000002,50,31.0009,194
4,0,1,1,22.96,26.515,37,31.0009,371
2,0,1,1,36.9,40.910000000000004,37,6.0032,136
3,0,1,1,30.34,32.574999999999996,35,26.0027,207
2,0,1,1,19.68,23.485,28.999999999999996,46.0022,301
2,0,1,1,22.14,25.759999999999998,42,8.9981,145
4,0,1,2,14.76,17.424999999999997,53,11.0014,212
4,0,1,1,11.48,14.395,52,7.0015,145
2,0,0,2,22.14,25.759999999999998,94,8.9981,216
3,0,0,1,30.34,32.574999999999996,40,12.998,644
1,1,0,2,9.84,9.85,41,27.999299999999998,228
3,0,0,1,32.800000000000004,37.88,55.00000000000001,32.9975,694
3,0,1,1,33.62,36.364999999999995,36,11.0014,192
2,0,1,2,24.599999999999998,29.544999999999998,73,22.0028,134
4,0,1,1,17.22,21.21,38,12.998,278
4,0,1,1,26.240000000000002,31.06,41,15.001299999999999,219
2,0,1,2,31.16,34.85,55.00000000000001,19.999499999999998,243
2,0,1,1,31.98,34.089999999999996,35,0,180
2,0,1,2,29.52,32.574999999999996,37,27.999299999999998,320
2,0,1,1,28.7,31.819999999999997,34,15.001299999999999,211
4,0,1,1,22.96,26.515,56.00000000000001,19.999499999999998,173
2,0,0,3,25.419999999999998,30.305,69,12.998,316
3,0,1,1,31.16,36.364999999999995,66,19.0012,163
2,0,1,1,27.060000000000002,31.06,74,16.997899999999998,188
3,0,1,1,31.98,35.605,52,19.0012,193
2,1,0,1,31.16,35.605,62,8.9981,525
2,0,1,1,14.76,16.665,32,22.0028,133
2,0,1,1,19.68,23.485,33,35.0008,279
3,0,0,2,23.779999999999998,27.275,56.00000000000001,8.9981,311
1,0,1,1,15.58,19.695,37,0,94
4,0,1,2,15.58,19.695,54,6.0032,151
2,0,0,1,31.16,34.85,55.00000000000001,0,327
4,0,1,2,18.04,21.97,47,15.001299999999999,141
2,0,1,1,28.7,32.574999999999996,65,6.0032,292
2,0,0,2,15.58,19.695,43,0,381
4,0,1,1,18.04,21.97,41,19.0012,232
1,0,1,1,14.76,18.18,46,0,198
4,0,0,2,16.400000000000002,20.455000000000002,82,22.0028,125
2,0,1,1,28.7,32.574999999999996,54,0,253
3,0,1,1,34.44,37.88,44,19.999499999999998,151
4,0,0,1,18.04,21.97,51,0,309
2,0,1,1,22.96,26.515,37,27.999299999999998,247
4,0,1,1,18.86,22.725,38,12.998,274
2,0,1,1,33.62,38.635000000000005,52,19.0012,197
1,0,1,2,8.200000000000001,9.85,37,16.997899999999998,59
1,0,0,1,12.299999999999999,13.635,39,31.0009,120
3,0,1,1,32.800000000000004,38.635000000000005,59,16.997899999999998,253
1,0,1,1,14.76,16.665,50,16.997899999999998,191
3,0,1,1,33.62,35.605,32,0,248
3,0,0,1,32.800000000000004,36.364999999999995,46,16.997899999999998,366
4,0,1,2,20.5,24.240000000000002,55.00000000000001,23.9994,164
4,0,1,2,14.76,18.18,62,7.0015,213
3,0,1,2,30.34,35.605,74,8.9981,78
3,0,1,2,31.98,36.364999999999995,55.00000000000001,6.0032,285
4,0,0,1,10.66,12.879999999999999,60,15.001299999999999,228
3,0,1,1,30.34,34.089999999999996,55.00000000000001,6.0032,151
2,0,1,2,26.240000000000002,30.305,73,0,243
2,0,1,1,31.16,33.335,37,11.0014,153
3,0,1,1,32.800000000000004,34.089999999999996,24,23.9994,270
2,0,1,3,12.299999999999999,15.15,87,8.9981,76
2,0,0,1,24.599999999999998,31.06,40,12.998,373
3,0,0,1,35.26,40.15,47,35.0008,491
2,0,0,2,18.04,21.97,88,11.0014,414
2,0,1,1,29.52,32.574999999999996,39,22.0028,369
2,0,0,1,25.419999999999998,31.06,41,16.997899999999998,679
4,0,0,1,18.04,21.97,35,0,573
2,0,0,2,17.22,21.21,88,8.9981,230
4,0,0,1,18.86,22.725,36,12.998,670
2,0,1,2,20.5,24.240000000000002,82,19.0012,44
2,0,1,1,27.880000000000003,31.06,26,16.997899999999998,248
2,0,1,1,20.5,24.240000000000002,42,22.0028,101
3,0,1,1,32.800000000000004,38.635000000000005,59,16.997899999999998,354
4,0,1,3,12.299999999999999,13.635,81,23.9994,126
4,0,0,3,14.76,17.424999999999997,81,11.0014,256
4,0,1,1,13.940000000000001,15.909999999999998,31,15.001299999999999,177
1,0,1,1,13.120000000000001,15.15,22,15.001299999999999,140
1,0,0,2,18.86,22.725,72,19.0012,106
1,0,0,2,18.86,22.725,82,11.0014,544
4,0,1,1,25.419999999999998,31.06,28.999999999999996,11.0014,315
4,0,1,2,15.58,19.695,54,11.0014,201
2,0,1,1,26.240000000000002,31.06,27,19.0012,257
3,0,1,1,31.16,34.089999999999996,48,27.999299999999998,236
1,0,1,2,13.120000000000001,14.395,39,23.9994,224
4,0,1,1,22.96,26.515,56.00000000000001,19.999499999999998,202
2,0,1,3,16.400000000000002,20.455000000000002,50,0,242
2,0,1,1,30.34,32.574999999999996,28.000000000000004,0,178
1,0,0,2,2.46,5.305,38,7.0015,70
1,0,0,1,5.74,3.7900000000000005,39,43.000600000000006,140
1,1,0,1,16.400000000000002,20.455000000000002,50,22.0028,121
2,0,1,1,37.72,43.94,40,12.998,118
4,0,1,1,17.22,21.21,50,12.998,213
2,0,1,3,24.599999999999998,28.03,83,16.997899999999998,184
1,0,1,2,10.66,15.15,52,0,137
3,0,1,1,35.26,37.12,30,15.001299999999999,203
3,0,1,1,31.16,34.089999999999996,48,7.0015,290
2,0,1,1,36.08,40.910000000000004,42,8.9981,149
3,0,0,1,22.96,26.515,60,8.9981,376
3,0,1,1,31.98,37.12,59,11.0014,323
1,0,1,1,24.599999999999998,28.79,78,12.998,284
3,0,1,1,31.98,34.089999999999996,31,12.998,163
4,1,0,1,24.599999999999998,30.305,60,15.001299999999999,420
2,0,0,1,26.240000000000002,31.06,53,0,582
3,0,1,2,26.240000000000002,29.544999999999998,78,6.0032,193
2,0,1,2,20.5,24.240000000000002,63,15.001299999999999,112
3,0,0,1,34.44,35.605,20,0,392
1,0,1,2,20.5,24.240000000000002,88,11.0014,180
2,0,0,1,30.34,34.089999999999996,57.99999999999999,15.001299999999999,382
3,0,0,1,28.7,32.574999999999996,65,15.001299999999999,353
1,0,1,1,14.76,17.424999999999997,81,15.001299999999999,173
2,0,0,1,31.16,35.605,57.99999999999999,12.998,498
1,1,0,1,8.200000000000001,9.09,55.00000000000001,22.0028,185
1,0,1,2,9.02,12.879999999999999,80,6.0032,54
4,0,1,3,18.86,22.725,94,8.9981,58
1,0,1,3,18.86,22.725,94,15.001299999999999,32
1,0,1,2,5.74,6.0600000000000005,43,16.997899999999998,91
1,0,1,3,22.14,25.759999999999998,60,31.0009,115
3,0,1,1,31.16,33.335,33,12.998,232
2,0,1,1,31.16,35.605,57.99999999999999,7.0015,227
2,0,0,1,29.52,33.335,57.99999999999999,16.997899999999998,358
3,0,1,1,32.800000000000004,36.364999999999995,46,6.0032,286
2,0,1,3,18.04,21.97,72,7.0015,51
2,1,0,1,30.34,33.335,45,19.999499999999998,263
2,0,0,2,30.34,34.089999999999996,55.00000000000001,6.0032,396
2,0,0,2,24.599999999999998,30.305,64,6.0032,558
2,0,1,1,36.9,41.665,39,11.0014,147
1,0,1,1,18.86,22.725,47,15.001299999999999,186
1,0,1,1,13.120000000000001,16.665,24,8.9981,115
4,0,1,2,14.76,15.909999999999998,53,30.002599999999997,226
3,0,1,3,27.880000000000003,31.819999999999997,83,30.002599999999997,88
4,1,0,1,18.04,21.97,35,0,262
3,0,1,1,29.52,33.335,54,7.0015,163
1,0,1,2,19.68,23.485,72,0,202
4,0,0,2,13.940000000000001,18.18,76,0,509
2,0,0,1,27.880000000000003,31.819999999999997,54,16.997899999999998,602
1,0,1,1,8.200000000000001,11.365,59,7.0015,55
1,0,1,1,10.66,10.605,33,36.9974,129
1,0,1,1,9.02,11.365,47,8.9981,71
3,0,0,2,28.7,32.574999999999996,70,7.0015,504
2,0,0,1,24.599999999999998,31.06,49,8.9981,390
2,0,1,1,18.04,21.97,33,0,276
4,0,1,2,28.7,33.335,74,11.0014,187
3,0,1,1,30.34,34.089999999999996,57.99999999999999,15.001299999999999,212
2,0,1,1,36.9,40.910000000000004,37,0,140
4,0,1,3,11.48,12.879999999999999,87,26.0027,76
1,0,1,1,16.400000000000002,20.455000000000002,62,19.0012,207
2,0,0,3,15.58,19.695,82,23.9994,52
1,0,0,1,12.299999999999999,13.635,39,27.999299999999998,135
2,0,1,1,30.34,34.089999999999996,62,19.0012,204
2,0,1,1,36.9,40.910000000000004,37,12.998,154
2,0,1,2,26.240000000000002,31.06,53,16.997899999999998,243
2,1,0,1,22.14,25.759999999999998,52,16.997899999999998,180
2,0,1,2,22.96,26.515,78,0,225
3,0,1,1,37.72,40.910000000000004,31,12.998,221
2,0,1,1,34.44,37.88,44,7.0015,189
3,0,1,2,32.800000000000004,37.12,52,11.0014,314
2,0,0,1,25.419999999999998,31.06,56.99999999999999,0,615
1,0,1,2,10.66,12.879999999999999,44,11.0014,203
4,0,0,2,19.68,23.485,48,15.001299999999999,310
1,0,1,1,9.84,12.879999999999999,21,7.0015,78
4,0,0,1,20.5,24.240000000000002,59,16.997899999999998,413
1,0,1,1,9.02,11.365,55.00000000000001,11.0014,55
2,0,1,1,18.86,22.725,31,0,291
4,0,0,1,26.240000000000002,31.06,44,6.0032,455
1,0,1,1,10.66,13.635,35,7.0015,67
4,0,1,1,21.32,25,39,15.001299999999999,272
4,0,0,1,15.58,19.695,46,15.001299999999999,504
4,0,1,1,30.34,32.574999999999996,37,15.001299999999999,400
2,0,1,1,24.599999999999998,31.06,40,30.002599999999997,213
1,0,1,1,9.02,9.85,44,23.9994,49
2,0,0,3,15.58,19.695,87,22.0028,61
2,0,0,1,26.240000000000002,31.06,36,11.0014,559
4,0,1,2,25.419999999999998,28.03,88,0,105
2,0,1,2,32.800000000000004,36.364999999999995,43,19.0012,146
1,0,1,1,12.299999999999999,13.635,42,27.999299999999998,96
4,0,0,1,24.599999999999998,31.06,40,16.997899999999998,750
2,0,1,2,23.779999999999998,27.275,78,19.0012,138
3,0,0,2,28.7,33.335,79,15.001299999999999,281
4,0,1,2,20.5,24.240000000000002,77,8.9981,162
3,1,0,2,31.16,35.605,62,19.999499999999998,543
2,0,1,2,25.419999999999998,31.06,38,16.997899999999998,202
4,0,0,1,16.400000000000002,20.455000000000002,66,15.001299999999999,357
3,0,0,1,32.800000000000004,37.12,49,23.9994,569
4,0,1,1,22.96,26.515,37,26.0027,381
1,0,1,2,13.940000000000001,17.424999999999997,81,7.0015,144
1,0,1,1,12.299999999999999,15.15,39,8.9981,86
1,0,1,1,21.32,25,36,22.0028,175
3,1,0,2,30.34,34.85,70,8.9981,389
4,0,1,1,15.58,19.695,46,19.0012,187
4,0,1,1,18.86,22.725,38,19.999499999999998,299
2,0,1,2,22.96,26.515,49,11.0014,169
4,0,1,1,14.76,17.424999999999997,50,15.001299999999999,313
2,0,1,2,30.34,33.335,48,16.997899999999998,204
3,0,1,2,30.34,34.85,70,7.0015,140
4,0,1,1,29.52,32.574999999999996,42,11.0014,468
2,0,0,1,22.14,25.759999999999998,34,0,653
3,0,0,3,29.52,34.85,74,23.9994,626
1,0,1,1,12.299999999999999,15.15,39,8.9981,164
4,0,0,1,19.68,23.485,33,12.998,597
3,0,1,1,35.26,40.15,47,19.999499999999998,326
2,1,0,1,21.32,25,55.00000000000001,19.0012,200
2,0,1,3,17.22,21.21,82,16.997899999999998,95
4,0,1,1,21.32,25,68,11.0014,268
4,0,1,1,24.599999999999998,31.06,40,11.0014,271
3,0,1,1,31.98,36.364999999999995,55.00000000000001,12.998,220
4,0,1,3,18.04,21.97,100,8.9981,33
2,0,0,1,30.34,32.574999999999996,33,15.001299999999999,451
4,0,1,1,21.32,25,68,12.998,312
3,0,0,1,37.72,43.18,37,7.0015,235
3,0,1,2,23.779999999999998,27.275,60,6.0032,189
3,0,1,1,37.72,41.665,33,22.0028,241
2,0,1,2,27.060000000000002,31.06,61,15.001299999999999,471
3,0,1,1,32.800000000000004,37.12,52,23.9994,187
1,0,1,2,7.38,9.85,55.00000000000001,8.9981,86
1,0,1,1,13.940000000000001,15.15,49,27.999299999999998,131
4,0,1,1,12.299999999999999,15.909999999999998,42,6.0032,212
3,0,1,1,30.34,33.335,51,19.0012,184
2,0,0,1,21.32,25,83,26.0027,312
2,0,0,1,23.779999999999998,27.275,35,16.997899999999998,678
2,0,0,1,29.52,32.574999999999996,30,6.0032,730
2,0,1,1,22.14,25.759999999999998,49,0,264
2,0,1,2,28.7,33.335,74,23.9994,310
4,0,1,3,16.400000000000002,20.455000000000002,94,12.998,36
1,0,1,2,4.92,6.819999999999999,42,12.998,63
4,0,1,2,18.04,21.97,54,8.9981,175
3,0,1,1,24.599999999999998,31.06,43,16.997899999999998,313
2,0,1,2,23.779999999999998,27.275,49,12.998,144
3,0,0,1,36.08,38.635000000000005,30,16.997899999999998,428
4,0,1,1,22.14,25.759999999999998,49,11.0014,196
4,0,1,1,27.880000000000003,31.819999999999997,51,19.999499999999998,167
3,0,1,1,30.34,32.574999999999996,37,7.0015,221
3,0,1,1,32.800000000000004,38.635000000000005,59,12.998,165
2,0,0,1,31.16,36.364999999999995,66,15.001299999999999,564
1,1,0,2,7.38,10.605,43,7.0015,86
3,0,1,1,36.08,44.695,56.00000000000001,19.999499999999998,102
4,0,1,1,18.04,21.97,54,16.997899999999998,251
2,0,0,2,19.68,23.485,55.00000000000001,15.001299999999999,561
1,0,1,1,23.779999999999998,27.275,35,15.001299999999999,211
3,0,0,1,35.26,40.15,47,12.998,322
1,0,1,2,19.68,23.485,88,23.9994,51
4,0,1,3,18.04,21.97,100,12.998,25
3,0,1,2,35.26,40.15,47,19.0012,345
4,0,1,2,13.120000000000001,14.395,53,23.9994,161
2,0,1,2,25.419999999999998,29.544999999999998,73,16.997899999999998,171
2,0,1,2,23.779999999999998,27.275,68,12.998,219
2,0,1,1,13.120000000000001,15.15,22,15.001299999999999,80
2,0,1,1,26.240000000000002,30.305,65,12.998,204
1,0,0,2,13.120000000000001,15.909999999999998,45,12.998,237
2,0,0,2,27.060000000000002,31.06,54,15.001299999999999,455
4,0,1,3,24.599999999999998,25,100,6.0032,24
4,0,0,1,22.96,26.515,35,12.998,640
4,0,0,1,24.599999999999998,31.06,43,16.997899999999998,760
2,0,0,2,24.599999999999998,30.305,64,0,565
1,0,1,2,8.200000000000001,9.85,40,16.997899999999998,50
1,0,0,2,13.940000000000001,15.15,36,22.0028,211
3,0,0,1,32.800000000000004,37.12,49,19.999499999999998,472
4,0,1,1,25.419999999999998,30.305,27,12.998,282
1,0,1,2,10.66,14.395,56.00000000000001,6.0032,106
2,0,1,1,22.14,25.759999999999998,30,39.000699999999995,192
3,0,1,1,34.44,12.120000000000001,36,26.0027,357
4,0,1,2,18.04,21.97,54,8.9981,181
2,0,0,1,26.240000000000002,31.06,56.99999999999999,15.001299999999999,531
4,0,1,2,13.940000000000001,16.665,71,12.998,240
2,0,1,2,25.419999999999998,31.06,56.99999999999999,15.001299999999999,280
4,0,0,1,25.419999999999998,31.06,41,19.999499999999998,682
1,0,1,2,15.58,19.695,25,7.0015,98
2,0,1,1,26.240000000000002,31.06,38,12.998,270
3,0,1,1,37.72,43.18,37,8.9981,202
4,0,1,1,28.7,32.574999999999996,61,16.997899999999998,267
1,0,1,1,20.5,24.240000000000002,42,16.997899999999998,224
3,0,0,1,32.800000000000004,37.12,49,19.999499999999998,538
1,0,1,2,15.58,19.695,28.999999999999996,26.0027,224
2,0,0,1,17.22,21.21,38,7.0015,440
4,0,0,1,14.76,17.424999999999997,81,11.0014,329
2,0,0,1,29.52,33.335,57.99999999999999,7.0015,550
1,0,1,3,12.299999999999999,16.665,81,0,55
3,0,0,1,30.34,33.335,42,12.998,505
3,0,0,3,24.599999999999998,28.03,83,11.0014,354
3,0,0,1,31.16,36.364999999999995,66,11.0014,435
3,0,1,1,33.62,36.364999999999995,38,6.0032,346
1,0,0,2,16.400000000000002,20.455000000000002,30,27.999299999999998,161
4,0,1,2,28.7,33.335,74,15.001299999999999,151
3,0,1,1,35.26,36.364999999999995,25,22.0028,254
2,0,0,1,27.880000000000003,31.819999999999997,36,22.0028,637
2,0,1,1,13.940000000000001,15.15,53,23.9994,95
3,0,1,1,30.34,33.335,43,8.9981,260
1,0,1,1,14.76,18.18,32,7.0015,190
1,0,1,1,15.58,19.695,32,22.0028,86
1,0,0,1,12.299999999999999,15.909999999999998,33,7.0015,182
1,0,0,2,14.76,16.665,66,19.999499999999998,93
2,0,1,1,19.68,23.485,28.999999999999996,26.0027,490
3,0,0,3,27.060000000000002,30.305,83,26.0027,43
1,0,0,1,14.76,16.665,51,23.9994,157
1,0,0,1,15.58,19.695,28.999999999999996,23.9994,154
1,0,1,1,11.48,12.879999999999999,28.000000000000004,22.0028,118
1,0,1,1,14.76,16.665,40,19.0012,95
4,0,1,1,21.32,25,48,11.0014,179
1,0,1,1,7.38,8.334999999999999,40,16.997899999999998,69
3,0,1,1,35.26,37.88,34,15.001299999999999,230
2,0,0,3,21.32,25,94,15.001299999999999,183
1,0,1,2,12.299999999999999,15.15,56.00000000000001,11.0014,108
3,0,1,3,24.599999999999998,25.759999999999998,94,31.0009,143
1,0,1,2,15.58,19.695,54,19.999499999999998,88
4,0,1,1,12.299999999999999,13.635,49,23.9994,124
3,0,1,1,32.800000000000004,34.85,33,7.0015,248
4,0,0,2,15.58,19.695,76,8.9981,310
3,0,0,1,31.16,34.089999999999996,43,19.0012,463
4,0,1,3,18.86,22.725,100,12.998,71
3,0,0,1,32.800000000000004,37.12,49,15.001299999999999,483
3,0,1,1,28.7,31.819999999999997,39,6.0032,237
3,0,1,1,34.44,36.364999999999995,30,23.9994,180
4,0,1,2,13.120000000000001,16.665,53,8.9981,111
4,0,1,3,17.22,21.21,100,6.0032,35
3,0,1,1,30.34,33.335,51,11.0014,189
3,0,0,1,36.08,40.910000000000004,42,19.999499999999998,527
4,0,0,3,16.400000000000002,20.455000000000002,62,15.001299999999999,308
2,0,1,1,25.419999999999998,31.06,43,12.998,381
1,0,0,3,9.02,13.635,100,0,55
3,0,1,3,28.7,33.335,84,11.0014,229
1,0,0,2,8.200000000000001,9.09,59,23.9994,98
3,0,1,1,30.34,34.089999999999996,57.99999999999999,19.0012,178
2,0,1,1,25.419999999999998,30.305,23,15.001299999999999,334
4,0,1,1,16.400000000000002,20.455000000000002,40,15.001299999999999,154
1,0,1,1,9.02,10.605,32,19.999499999999998,156
2,0,1,2,22.96,26.515,88,19.0012,185
1,0,1,2,14.76,18.18,56.99999999999999,6.0032,60
2,0,1,2,26.240000000000002,30.305,73,0,278
2,0,1,1,27.880000000000003,31.819999999999997,65,8.9981,248
1,0,1,2,15.58,19.695,76,22.0028,103
3,0,1,1,28.7,31.819999999999997,34,8.9981,323
1,0,1,1,16.400000000000002,20.455000000000002,37,19.999499999999998,177
2,0,1,1,20.5,24.240000000000002,28.999999999999996,26.0027,224
3,0,0,1,31.98,34.85,40,0,543
3,0,1,3,27.880000000000003,31.819999999999997,83,7.0015,156
1,0,1,3,22.14,25.759999999999998,60,31.0009,83
4,0,1,1,16.400000000000002,20.455000000000002,57.99999999999999,12.998,241
1,0,1,3,17.22,21.21,0,15.001299999999999,12
3,0,1,1,30.34,33.335,51,0,312
3,0,0,1,37.72,41.665,33,16.997899999999998,420
3,0,1,1,31.16,33.335,33,0,310
2,0,1,1,31.16,34.85,55.00000000000001,16.997899999999998,239
3,0,1,1,35.26,37.12,26,16.997899999999998,410
2,0,1,2,18.04,21.97,62,23.9994,124
2,0,1,1,29.52,32.574999999999996,42,6.0032,263
3,0,0,1,34.44,36.364999999999995,30,19.999499999999998,551
4,0,1,1,20.5,24.240000000000002,36,16.997899999999998,435
1,0,1,2,7.38,9.09,40,15.001299999999999,61
1,0,0,1,13.940000000000001,15.15,31,19.999499999999998,175
3,0,1,2,28.7,33.335,79,23.9994,120
3,0,1,1,28.7,33.335,74,11.0014,189
2,0,0,1,18.04,21.97,38,19.0012,313
4,0,0,1,17.22,21.21,62,8.9981,323
4,0,1,2,14.76,18.18,56.99999999999999,7.0015,133
2,0,1,1,27.060000000000002,31.06,27,19.0012,259
4,0,1,3,16.400000000000002,20.455000000000002,100,6.0032,21
2,0,1,1,29.52,34.089999999999996,70,19.999499999999998,316
4,0,1,1,17.22,21.21,54,31.0009,213
3,0,0,2,21.32,25,67,15.001299999999999,372
2,0,1,1,28.7,32.574999999999996,48,26.0027,177
3,0,1,1,31.16,34.089999999999996,45,27.999299999999998,182
2,0,1,1,22.96,26.515,37,19.0012,223
2,0,1,2,26.240000000000002,30.305,73,7.0015,222
3,0,0,3,27.060000000000002,31.06,65,16.997899999999998,482
4,0,1,1,16.400000000000002,20.455000000000002,37,16.997899999999998,134
4,0,1,1,20.5,24.240000000000002,45,11.0014,172
1,0,0,3,9.02,11.365,100,11.0014,72
3,0,1,1,35.26,40.910000000000004,50,16.997899999999998,141
1,0,0,1,9.84,10.605,41,19.999499999999998,231
2,0,1,2,32.800000000000004,36.364999999999995,43,16.997899999999998,196
4,0,0,2,27.060000000000002,30.305,78,0,347
3,0,1,1,31.16,35.605,57.99999999999999,0,205
3,0,1,2,31.16,36.364999999999995,66,19.999499999999998,149
2,0,1,2,24.599999999999998,31.06,46,27.999299999999998,283
4,0,0,1,10.66,15.15,35,0,288
1,0,1,1,21.32,25,23,19.999499999999998,96
1,0,1,1,13.940000000000001,16.665,46,8.9981,216
1,0,0,1,14.76,15.909999999999998,32,31.0009,152
3,0,1,1,34.44,40.910000000000004,56.00000000000001,16.997899999999998,279
4,0,0,1,22.14,25.759999999999998,37,0,627
4,0,1,1,13.940000000000001,15.909999999999998,61,19.0012,196
3,0,0,1,32.800000000000004,36.364999999999995,43,12.998,602
1,0,1,1,10.66,12.879999999999999,52,15.001299999999999,63
3,0,1,1,34.44,36.364999999999995,28.000000000000004,0,147
3,0,1,1,28.7,33.335,79,6.0032,122
4,0,0,1,17.22,21.21,35,8.9981,386
1,0,1,1,13.120000000000001,17.424999999999997,39,0,78
3,0,1,2,28.7,32.574999999999996,54,12.998,408
1,0,1,1,21.32,25,39,12.998,218
2,0,0,1,23.779999999999998,27.275,78,23.9994,391
4,0,0,2,14.76,15.909999999999998,46,31.0009,394
2,0,1,1,32.800000000000004,37.88,55.00000000000001,22.0028,237
4,0,1,2,27.060000000000002,29.544999999999998,89,8.9981,162
2,0,1,1,27.060000000000002,30.305,78,22.0028,173
4,0,1,3,24.599999999999998,27.275,88,8.9981,163
4,0,1,1,13.120000000000001,16.665,45,8.9981,248
2,0,1,1,28.7,31.819999999999997,28.000000000000004,19.0012,240
2,0,0,1,31.16,35.605,57.99999999999999,16.997899999999998,547
4,0,1,2,19.68,23.485,55.00000000000001,32.9975,197
2,0,0,1,25.419999999999998,29.544999999999998,73,19.0012,456
1,0,1,2,19.68,23.485,55.00000000000001,0,202
4,0,1,1,14.76,16.665,56.99999999999999,19.999499999999998,173
3,0,1,1,34.44,39.395,49,8.9981,237
4,0,1,1,16.400000000000002,20.455000000000002,40,15.001299999999999,150
3,0,1,1,36.9,38.635000000000005,25,8.9981,283
3,0,0,1,31.16,33.335,37,12.998,654
4,0,1,1,23.779999999999998,27.275,35,0,283
2,0,0,1,32.800000000000004,37.88,55.00000000000001,15.001299999999999,347
1,0,0,1,12.299999999999999,14.395,61,19.0012,314
4,0,0,1,16.400000000000002,20.455000000000002,37,7.0015,355
3,0,1,2,35.26,40.910000000000004,50,19.999499999999998,338
1,0,1,2,11.48,12.879999999999999,65,19.0012,138
2,1,0,1,35.26,39.395,44,6.0032,350
3,0,1,2,31.16,34.85,52,19.999499999999998,255
1,0,0,1,20.5,24.240000000000002,31,32.9975,312
2,0,1,1,23.779999999999998,27.275,60,15.001299999999999,207
3,0,0,1,34.44,37.12,36,8.9981,373
4,0,1,1,14.76,16.665,40,16.997899999999998,282
1,0,1,2,13.120000000000001,16.665,39,6.0032,146
4,0,1,1,17.22,21.21,44,7.0015,170
3,0,1,1,31.16,34.089999999999996,40,0,360
3,0,1,1,35.26,39.395,41,16.997899999999998,160
3,0,1,1,32.800000000000004,34.85,28.999999999999996,12.998,186
1,0,0,1,13.940000000000001,16.665,46,0,174
2,0,0,1,28.7,31.819999999999997,45,0,462
1,0,1,1,26.240000000000002,31.06,41,19.0012,175
2,0,1,1,22.96,26.515,73,8.9981,301
1,0,0,1,17.22,21.21,41,19.999499999999998,464
2,0,1,1,30.34,34.089999999999996,55.00000000000001,8.9981,202
2,0,1,1,30.34,34.089999999999996,55.00000000000001,11.0014,168
4,0,1,2,12.299999999999999,15.909999999999998,52,7.0015,166
3,0,1,1,36.9,42.425000000000004,42,19.999499999999998,124
4,0,1,1,14.76,17.424999999999997,50,12.998,273
3,0,1,2,29.52,33.335,54,0,170
1,0,1,2,24.599999999999998,29.544999999999998,73,11.0014,248
4,1,0,1,22.96,26.515,64,15.001299999999999,419
3,0,1,1,29.52,32.574999999999996,39,8.9981,274
4,0,1,1,24.599999999999998,31.06,46,0,305
4,0,1,2,22.14,25.759999999999998,64,12.998,206
1,0,0,1,24.599999999999998,30.305,60,7.0015,686
4,0,0,2,14.76,16.665,46,23.9994,449
1,0,1,3,13.120000000000001,17.424999999999997,76,0,65
1,0,0,1,12.299999999999999,15.15,49,11.0014,261
3,0,0,2,32.800000000000004,38.635000000000005,59,22.0028,441
3,0,1,2,29.52,32.574999999999996,45,11.0014,371
2,0,1,2,26.240000000000002,30.305,73,12.998,184
3,0,1,2,31.98,35.605,49,12.998,294
1,0,0,1,16.400000000000002,20.455000000000002,30,0,279
2,0,1,3,16.400000000000002,20.455000000000002,54,0,229
3,0,1,1,32.800000000000004,37.12,49,19.0012,297
3,0,1,1,33.62,37.88,46,16.997899999999998,182
2,0,0,1,22.14,25.759999999999998,60,8.9981,638
2,0,1,1,28.7,31.819999999999997,37,19.0012,315
2,0,0,1,27.060000000000002,31.06,36,0,642
4,0,1,2,15.58,19.695,50,15.001299999999999,204
1,0,1,1,18.86,22.725,36,19.0012,158
4,0,1,1,14.76,17.424999999999997,46,15.001299999999999,137
4,0,1,1,19.68,23.485,48,11.0014,161
2,0,1,2,17.22,21.21,77,16.997899999999998,106
3,0,0,1,32.800000000000004,37.88,55.00000000000001,7.0015,632
1,0,1,1,17.22,21.21,38,19.999499999999998,106
4,0,0,1,13.940000000000001,15.15,31,22.0028,293
1,0,0,1,21.32,25,39,19.999499999999998,273
2,0,1,2,30.34,34.089999999999996,57.99999999999999,27.999299999999998,204
4,0,0,1,17.22,21.21,30,19.0012,363
3,0,0,1,33.62,38.635000000000005,52,16.997899999999998,380
2,0,1,1,28.7,32.574999999999996,51,0,289
4,0,0,3,9.84,9.85,87,32.9975,50
2,0,0,1,28.7,31.819999999999997,32,11.0014,420
1,0,0,2,20.5,24.240000000000002,77,6.0032,521
2,0,1,1,27.060000000000002,31.06,41,19.0012,196
3,0,1,1,34.44,39.395,49,19.0012,239
1,0,1,1,23.779999999999998,27.275,19,26.0027,120
3,0,1,1,32.800000000000004,34.85,31,15.001299999999999,300
2,0,1,2,22.14,25.759999999999998,56.00000000000001,15.001299999999999,247
4,0,0,2,17.22,21.21,71,0,392
1,0,1,1,20.5,24.240000000000002,59,31.0009,201
2,0,1,1,29.52,33.335,54,15.001299999999999,146
2,0,1,2,23.779999999999998,27.275,78,7.0015,168
2,0,1,1,19.68,23.485,33,22.0028,177
1,1,0,2,13.120000000000001,15.909999999999998,66,12.998,93
3,0,1,1,35.26,39.395,44,15.001299999999999,160
2,0,1,1,14.76,16.665,25,16.997899999999998,86
3,0,1,1,36.9,39.395,27,7.0015,293
2,0,1,3,29.52,34.089999999999996,66,19.0012,254
1,0,0,2,19.68,23.485,59,19.0012,198
1,0,1,1,8.200000000000001,8.334999999999999,40,27.999299999999998,51
1,0,0,1,13.120000000000001,13.635,28.999999999999996,36.9974,216
1,0,1,2,12.299999999999999,15.15,42,8.9981,176
2,1,0,1,32.800000000000004,39.395,63,19.0012,556
4,0,1,1,22.14,25.759999999999998,56.00000000000001,15.001299999999999,390
1,0,1,2,8.200000000000001,9.85,40,15.001299999999999,47
4,0,1,1,25.419999999999998,31.06,43,22.0028,214
1,0,1,2,14.76,16.665,93,23.9994,56
1,0,1,1,8.200000000000001,8.334999999999999,44,27.999299999999998,52
1,0,0,2,12.299999999999999,14.395,70,12.998,302
1,0,0,1,11.48,11.365,36,39.000699999999995,144
3,0,1,2,27.060000000000002,30.305,83,15.001299999999999,183
3,0,0,1,35.26,40.910000000000004,50,19.0012,283
2,0,1,2,22.14,25.759999999999998,64,6.0032,103
1,0,1,1,12.299999999999999,15.909999999999998,28.000000000000004,6.0032,87
2,0,0,1,18.86,22.725,31,8.9981,349
2,0,0,1,25.419999999999998,29.544999999999998,73,19.999499999999998,367
3,0,0,3,26.240000000000002,30.305,73,0,149
4,0,1,1,28.7,32.574999999999996,57.99999999999999,15.001299999999999,340
4,0,1,2,16.400000000000002,20.455000000000002,40,11.0014,262
3,0,0,1,37.72,44.695,42,12.998,376
4,0,1,3,22.14,25.759999999999998,60,15.001299999999999,153
2,0,1,1,37.72,42.425000000000004,35,12.998,140
2,1,0,1,36.08,40.15,39,0,327
3,0,0,1,30.34,32.574999999999996,40,8.9981,443
1,0,1,1,8.200000000000001,9.09,40,23.9994,69
4,0,0,1,25.419999999999998,31.06,50,6.0032,465
4,0,1,2,22.96,26.515,78,7.0015,319
4,0,1,2,30.34,33.335,48,8.9981,335
3,0,1,1,31.16,36.364999999999995,70,19.0012,287
4,1,0,1,15.58,19.695,37,31.0009,247
4,0,0,1,26.240000000000002,29.544999999999998,78,0,460
3,0,0,1,30.34,32.574999999999996,40,19.0012,371
4,0,0,1,24.599999999999998,31.06,33,31.0009,472
4,0,1,3,18.04,21.97,100,12.998,33
4,0,0,1,20.5,24.240000000000002,45,0,322
4,0,1,2,27.880000000000003,31.819999999999997,79,0,184
3,0,1,1,25.419999999999998,31.06,38,16.997899999999998,286
3,0,1,2,32.800000000000004,35.605,38,8.9981,374
1,0,0,1,11.48,14.395,61,7.0015,84
3,0,1,1,35.26,40.910000000000004,50,12.998,152
2,0,0,2,16.400000000000002,20.455000000000002,37,0,389
1,0,1,1,28.7,31.819999999999997,23,22.0028,224
2,0,1,3,24.599999999999998,31.06,56.00000000000001,19.0012,232
4,0,1,1,21.32,25,42,19.999499999999998,198
2,0,1,1,22.96,26.515,46,0,238
3,0,1,1,31.16,33.335,28.999999999999996,19.999499999999998,322
1,0,1,1,18.04,21.97,54,7.0015,179
1,0,1,2,15.58,19.695,34,0,79
4,1,0,1,18.86,22.725,36,15.001299999999999,150
1,1,0,1,15.58,19.695,40,22.0028,153
1,0,1,1,8.200000000000001,9.09,47,22.0028,44
2,0,0,1,28.7,32.574999999999996,48,8.9981,552
3,0,0,1,30.34,34.089999999999996,57.99999999999999,8.9981,409
4,0,1,1,12.299999999999999,16.665,39,0,245
1,0,0,1,13.940000000000001,15.909999999999998,39,19.0012,94
2,0,1,1,37.72,43.94,40,16.997899999999998,155
4,0,1,1,16.400000000000002,20.455000000000002,37,22.0028,127
1,1,0,2,13.120000000000001,15.15,76,16.997899999999998,116
3,0,1,1,32.800000000000004,34.85,33,15.001299999999999,277
1,0,1,1,16.400000000000002,20.455000000000002,57.99999999999999,16.997899999999998,75
4,0,1,2,18.04,21.97,57.99999999999999,0,267
1,0,0,1,16.400000000000002,20.455000000000002,37,19.999499999999998,343
3,0,1,1,38.54,42.425000000000004,33,0,203
4,0,1,2,21.32,25,68,7.0015,220
2,0,0,3,21.32,25,100,6.0032,248
1,0,1,1,19.68,23.485,41,15.001299999999999,101
3,0,0,1,27.060000000000002,31.06,44,11.0014,656
4,0,1,1,17.22,21.21,44,15.001299999999999,170
4,0,1,1,11.48,15.909999999999998,41,0,235
1,0,1,1,20.5,24.240000000000002,34,27.999299999999998,205
4,0,1,2,22.96,26.515,88,15.001299999999999,146
4,0,0,1,18.04,21.97,54,0,346
1,0,1,3,9.02,13.635,80,0,38
4,0,1,1,18.86,22.725,51,7.0015,272
3,0,1,1,34.44,38.635000000000005,47,15.001299999999999,202
3,0,1,1,30.34,32.574999999999996,40,0,331
3,0,1,1,39.36,45.455,36,15.001299999999999,233
2,0,1,1,28.7,32.574999999999996,61,27.999299999999998,186
1,0,0,2,13.120000000000001,15.15,66,15.001299999999999,276
3,0,1,1,34.44,36.364999999999995,32,12.998,257
3,0,1,2,31.16,35.605,57.99999999999999,15.001299999999999,144
4,0,1,2,28.7,33.335,74,7.0015,279
1,0,1,1,13.940000000000001,16.665,87,11.0014,175
4,0,1,2,23.779999999999998,27.275,68,8.9981,337
2,0,1,2,22.14,25.759999999999998,83,0,303
1,0,1,3,9.02,9.85,93,23.9994,36
1,0,1,1,16.400000000000002,20.455000000000002,62,19.0012,78
3,0,1,1,31.98,34.089999999999996,38,0,332
1,0,1,2,16.400000000000002,20.455000000000002,76,8.9981,228
1,0,1,2,22.14,25.759999999999998,32,16.997899999999998,250
2,0,1,1,21.32,25,25,0,331
3,0,1,1,27.060000000000002,31.06,28.999999999999996,6.0032,328
1,0,1,1,16.400000000000002,20.455000000000002,35,11.0014,140
1,0,0,1,16.400000000000002,20.455000000000002,54,6.0032,193
3,0,1,1,35.26,39.395,44,15.001299999999999,310
2,0,0,2,17.22,21.21,67,15.001299999999999,445
2,0,0,1,24.599999999999998,31.06,35,19.0012,436
1,0,0,1,13.940000000000001,15.909999999999998,31,19.0012,120
1,0,1,1,12.299999999999999,13.635,49,31.0009,118
2,0,1,1,26.240000000000002,30.305,73,12.998,264
1,0,1,1,13.940000000000001,14.395,39,31.0009,159
4,0,0,1,28.7,32.574999999999996,54,7.0015,743
3,1,0,1,36.9,40.910000000000004,35,0,499
3,1,0,1,30.34,34.85,70,11.0014,357
4,0,1,2,19.68,23.485,82,12.998,135
3,0,1,1,24.599999999999998,31.06,40,16.997899999999998,289
4,1,0,1,18.86,22.725,31,0,269
1,0,0,1,18.04,21.97,16,40.9973,155
2,0,1,1,35.26,40.15,47,11.0014,180
1,0,0,1,16.400000000000002,20.455000000000002,62,19.0012,201
1,0,1,1,17.22,21.21,44,15.001299999999999,222
3,0,1,1,35.26,37.88,34,15.001299999999999,236
1,0,1,1,9.02,9.85,37,26.0027,77
3,0,1,2,25.419999999999998,30.305,69,12.998,295
4,0,1,3,12.299999999999999,13.635,81,23.9994,116
2,0,1,2,32.800000000000004,35.605,41,19.999499999999998,248
2,0,1,1,25.419999999999998,31.06,53,15.001299999999999,197
4,0,1,1,22.14,25.759999999999998,39,31.0009,387
2,0,1,1,21.32,25,27,0,348
2,0,1,3,13.940000000000001,16.665,87,8.9981,108
3,0,0,2,21.32,25,68,12.998,349
4,0,1,1,11.48,12.879999999999999,52,22.0028,156
3,0,1,3,31.16,34.85,55.00000000000001,8.9981,161
3,0,1,1,32.800000000000004,37.12,49,11.0014,178
1,0,1,2,8.200000000000001,9.09,40,19.0012,52
1,0,1,2,14.76,16.665,50,23.9994,89
2,0,1,1,21.32,25,23,11.0014,283
4,0,0,3,9.84,9.85,87,30.002599999999997,29
3,0,1,1,33.62,36.364999999999995,38,11.0014,242
2,0,1,2,25.419999999999998,31.06,46,12.998,258
3,0,1,1,32.800000000000004,34.85,27,0,222
4,0,1,1,19.68,23.485,33,32.9975,218
4,0,1,2,23.779999999999998,27.275,73,12.998,392
3,0,0,3,29.52,34.85,74,6.0032,493
1,0,0,1,15.58,19.695,43,15.001299999999999,351
4,0,1,2,13.940000000000001,18.18,42,0,232
1,0,1,1,13.120000000000001,15.15,36,15.001299999999999,136
2,0,0,2,18.04,21.97,62,12.998,464
2,1,0,1,27.880000000000003,31.819999999999997,56.99999999999999,16.997899999999998,271
3,0,0,1,31.98,34.85,43,27.999299999999998,447
4,0,0,1,25.419999999999998,31.06,41,19.999499999999998,686
1,0,0,1,9.02,10.605,41,16.997899999999998,219
3,0,1,1,32.800000000000004,34.85,28.999999999999996,8.9981,247
4,0,1,1,27.060000000000002,31.06,39,22.0028,293
4,0,1,2,16.400000000000002,20.455000000000002,50,15.001299999999999,185
3,0,0,2,27.060000000000002,29.544999999999998,89,11.0014,421
1,0,1,1,10.66,13.635,41,7.0015,138
1,0,1,2,9.02,10.605,35,19.999499999999998,115
3,0,1,1,35.26,40.15,47,15.001299999999999,136
3,0,0,1,31.16,34.089999999999996,40,12.998,579
2,0,1,3,27.060000000000002,30.305,83,12.998,59
2,0,1,2,14.76,17.424999999999997,46,15.001299999999999,98
1,0,1,2,8.200000000000001,9.09,34,22.0028,124
2,0,1,1,18.86,22.725,36,23.9994,307
2,0,1,1,21.32,25,34,23.9994,196
2,0,1,1,19.68,23.485,33,30.002599999999997,217
2,0,1,1,22.96,26.515,37,19.999499999999998,308
2,0,0,1,30.34,34.85,66,15.001299999999999,529
2,0,1,1,27.880000000000003,31.819999999999997,74,19.0012,148
2,0,1,2,28.7,31.819999999999997,45,26.0027,255
3,0,1,2,29.52,34.85,79,7.0015,191
2,0,0,3,28.7,32.574999999999996,61,19.999499999999998,428
1,0,1,1,18.86,22.725,36,12.998,178
1,0,0,1,13.120000000000001,14.395,36,31.0009,161
1,0,1,1,18.04,21.97,38,16.997899999999998,184
2,0,1,2,24.599999999999998,31.06,46,16.997899999999998,251
4,0,0,1,27.880000000000003,31.819999999999997,47,11.0014,500
4,0,1,2,14.76,18.18,56.99999999999999,6.0032,144
2,0,0,2,26.240000000000002,30.305,69,7.0015,335
2,0,0,1,30.34,34.85,66,6.0032,420
4,0,1,2,28.7,32.574999999999996,70,7.0015,358
1,0,1,1,16.400000000000002,20.455000000000002,40,22.0028,172
4,0,1,2,18.86,22.725,100,8.9981,61
2,0,1,1,20.5,24.240000000000002,42,23.9994,238
1,0,0,1,9.02,9.09,32,31.0009,72
3,0,1,1,32.800000000000004,39.395,63,11.0014,234
2,0,1,1,25.419999999999998,31.06,41,6.0032,303
4,0,0,2,19.68,23.485,59,27.999299999999998,391
4,0,1,3,21.32,25,88,11.0014,75
4,0,1,2,22.14,25.759999999999998,64,15.001299999999999,198
1,0,1,2,12.299999999999999,15.15,49,8.9981,261
4,0,0,2,16.400000000000002,20.455000000000002,87,11.0014,547
1,0,1,1,22.14,25.759999999999998,37,16.997899999999998,192
4,0,1,3,21.32,25,94,22.0028,130
3,0,1,2,32.800000000000004,38.635000000000005,59,15.001299999999999,188
2,0,1,1,22.96,26.515,22,23.9994,223
1,1,0,1,15.58,19.695,40,19.999499999999998,140
1,0,1,2,6.5600000000000005,11.365,59,0,54
4,0,1,2,19.68,23.485,69,12.998,260
1,0,0,1,3.2800000000000002,8.334999999999999,35,0,84
3,0,0,2,28.7,32.574999999999996,65,6.0032,626
4,0,1,1,18.04,21.97,18,27.999299999999998,182
4,0,0,1,18.04,21.97,44,19.0012,366
3,0,1,2,29.52,33.335,48,6.0032,219
2,0,1,2,18.04,21.97,77,16.997899999999998,81
2,0,0,1,34.44,36.364999999999995,30,8.9981,500
1,0,0,1,5.74,5.305,33,26.0027,87
1,0,0,2,18.86,22.725,94,23.9994,105
4,1,0,2,28.7,32.574999999999996,48,6.0032,365
3,0,1,1,32.800000000000004,34.85,27,22.0028,321
1,0,0,1,12.299999999999999,15.15,61,11.0014,243
1,0,1,1,27.060000000000002,31.06,39,16.997899999999998,174
4,0,1,3,15.58,19.695,62,11.0014,221
2,0,0,1,31.16,36.364999999999995,66,12.998,539
3,0,0,1,31.16,34.089999999999996,45,23.9994,431
2,0,0,1,25.419999999999998,31.06,33,19.999499999999998,678
3,0,0,1,34.44,36.364999999999995,32,11.0014,341
2,0,1,1,31.98,37.12,59,22.0028,194
1,0,1,1,13.120000000000001,14.395,36,27.999299999999998,77
1,0,1,3,13.940000000000001,15.909999999999998,71,16.997899999999998,64
4,0,1,3,14.76,16.665,81,23.9994,96
1,0,0,2,9.84,12.120000000000001,87,6.0032,98
4,0,0,2,16.400000000000002,20.455000000000002,82,19.999499999999998,315
3,0,0,1,35.26,38.635000000000005,39,16.997899999999998,494
2,0,1,2,23.779999999999998,27.275,46,11.0014,276
2,0,0,1,26.240000000000002,31.06,56.99999999999999,15.001299999999999,640
1,0,1,1,23.779999999999998,27.275,32,16.997899999999998,211
2,0,1,1,22.96,26.515,43,6.0032,157
3,0,1,1,33.62,39.395,56.00000000000001,22.0028,138
4,0,1,3,18.04,21.97,100,15.001299999999999,220
3,0,0,2,39.36,43.18,30,8.9981,308
4,0,1,1,20.5,24.240000000000002,51,11.0014,167
1,0,0,1,18.86,22.725,31,19.0012,501
4,0,1,3,22.14,25.759999999999998,94,19.0012,78
4,0,1,3,11.48,13.635,87,16.997899999999998,77
4,0,0,1,22.14,25.759999999999998,45,7.0015,686
4,1,0,1,29.52,32.574999999999996,37,0,365
3,0,1,2,31.16,35.605,57.99999999999999,7.0015,278
2,0,1,1,22.14,25.759999999999998,39,30.002599999999997,318
1,0,1,3,7.38,10.605,93,7.0015,29
2,0,1,1,22.96,26.515,37,15.001299999999999,159
4,0,1,1,18.04,21.97,47,19.999499999999998,201
1,0,1,2,14.76,16.665,93,23.9994,76
1,0,1,2,5.74,6.819999999999999,46,15.001299999999999,45
4,0,1,1,13.120000000000001,16.665,33,0,165
3,0,0,1,35.26,39.395,41,19.0012,498
2,0,1,1,27.060000000000002,31.06,54,6.0032,209
4,0,1,2,29.52,33.335,57.99999999999999,22.0028,294
4,0,1,2,15.58,19.695,42,15.001299999999999,228
2,0,1,2,27.060000000000002,31.06,61,15.001299999999999,265
3,0,0,2,39.36,43.18,31,16.997899999999998,360
3,0,1,1,26.240000000000002,30.305,65,16.997899999999998,343
3,0,0,1,33.62,40.15,59,19.0012,374
3,0,0,1,30.34,32.574999999999996,40,19.0012,392
2,0,0,2,30.34,33.335,51,0,363
1,0,1,1,8.200000000000001,9.09,27,19.0012,48
4,0,1,3,24.599999999999998,29.544999999999998,73,7.0015,171
4,0,0,2,22.14,25.759999999999998,60,12.998,369
2,0,1,2,14.76,16.665,46,26.0027,182
4,0,1,2,24.599999999999998,27.275,88,12.998,104
3,0,1,1,34.44,40.910000000000004,56.00000000000001,6.0032,153
2,0,0,1,20.5,24.240000000000002,72,12.998,281
2,0,1,1,13.120000000000001,15.909999999999998,31,11.0014,220
3,0,1,1,31.98,34.85,46,15.001299999999999,305
2,0,1,1,25.419999999999998,31.06,38,0,315
2,0,1,1,25.419999999999998,31.06,50,0,193
4,0,1,1,13.940000000000001,15.15,42,26.0027,208
3,0,1,1,36.08,39.395,37,11.0014,176
1,0,0,3,14.76,17.424999999999997,76,12.998,59
3,0,1,1,31.16,34.089999999999996,48,27.999299999999998,204
4,0,1,3,17.22,21.21,77,19.0012,22
4,0,1,1,17.22,21.21,35,7.0015,217
3,0,0,1,30.34,33.335,45,19.999499999999998,383
4,0,1,1,26.240000000000002,31.06,61,12.998,211
4,0,0,1,21.32,25,55.00000000000001,12.998,415
2,0,1,1,31.98,34.85,46,19.0012,153
4,0,1,1,13.940000000000001,15.909999999999998,53,16.997899999999998,218
3,0,1,1,34.44,40.15,53,19.0012,148
4,0,0,1,22.96,26.515,37,16.997899999999998,626
3,0,1,1,32.800000000000004,37.12,49,15.001299999999999,289
2,0,1,3,22.96,26.515,83,27.999299999999998,153
1,0,1,1,24.599999999999998,28.79,78,16.997899999999998,261
3,0,1,2,31.16,35.605,62,19.0012,186
1,0,0,1,8.200000000000001,8.334999999999999,34,30.002599999999997,75
2,0,1,1,20.5,24.240000000000002,45,15.001299999999999,106
2,0,1,2,14.76,16.665,46,19.999499999999998,80
2,0,1,1,26.240000000000002,31.06,44,15.001299999999999,209
1,1,0,1,13.120000000000001,16.665,76,6.0032,114
2,0,1,1,19.68,23.485,28.999999999999996,26.0027,224
3,0,1,2,32.800000000000004,37.12,52,7.0015,240
2,0,1,1,27.880000000000003,31.819999999999997,51,0,214
3,0,1,3,22.14,25.759999999999998,83,26.0027,67
3,0,0,1,29.52,34.089999999999996,62,15.001299999999999,404
2,0,1,3,13.940000000000001,15.909999999999998,87,15.001299999999999,15
1,0,1,3,22.96,26.515,56.00000000000001,40.9973,85
3,0,1,1,36.9,38.635000000000005,25,15.001299999999999,436
1,0,1,1,17.22,21.21,28.000000000000004,31.0009,178
2,0,0,3,24.599999999999998,31.06,35,11.0014,378
1,0,1,1,16.400000000000002,20.455000000000002,43,12.998,82
2,0,0,1,26.240000000000002,31.06,53,11.0014,614
4,0,1,1,14.76,17.424999999999997,40,11.0014,236
1,0,0,2,18.86,22.725,44,23.9994,430
1,0,1,3,12.299999999999999,15.909999999999998,81,6.0032,24
3,0,0,1,33.62,35.605,30,7.0015,404
1,0,1,2,14.76,17.424999999999997,53,8.9981,207
2,0,1,1,24.599999999999998,29.544999999999998,73,7.0015,257
2,0,1,1,30.34,34.089999999999996,57.99999999999999,12.998,209
1,0,1,2,14.76,17.424999999999997,50,15.001299999999999,102
1,0,0,1,18.04,21.97,35,23.9994,427
1,0,1,2,13.940000000000001,16.665,81,8.9981,165
1,0,1,2,12.299999999999999,15.15,45,8.9981,81
4,0,1,1,14.76,17.424999999999997,34,12.998,271
2,0,1,1,25.419999999999998,31.06,38,23.9994,221
4,0,1,1,16.400000000000002,20.455000000000002,43,12.998,299
4,0,0,1,22.96,26.515,40,0,711
3,0,1,2,26.240000000000002,30.305,65,19.0012,189
2,0,1,2,22.14,25.759999999999998,64,12.998,107
3,0,1,2,31.16,35.605,62,12.998,232
2,0,0,1,23.779999999999998,27.275,23,11.0014,483
2,0,1,2,18.86,22.725,59,30.002599999999997,143
2,0,1,1,30.34,32.574999999999996,37,16.997899999999998,416
1,0,1,2,8.200000000000001,11.365,59,6.0032,52
1,0,0,3,9.02,11.365,100,11.0014,52
3,0,0,3,26.240000000000002,28.79,83,8.9981,162
1,0,1,1,13.940000000000001,15.909999999999998,19,15.001299999999999,79
1,0,1,2,8.200000000000001,11.365,59,6.0032,63
1,0,0,1,13.940000000000001,15.15,42,23.9994,327
1,0,0,1,6.5600000000000005,6.0600000000000005,40,30.002599999999997,138
3,0,1,1,31.16,35.605,62,0,283
2,0,1,2,22.14,25.759999999999998,77,0,229
2,0,0,3,13.120000000000001,16.665,81,8.9981,184
1,0,0,1,13.940000000000001,16.665,28.999999999999996,0,198
1,0,1,2,9.02,13.635,93,0,62
2,0,1,2,25.419999999999998,31.06,33,0,176
3,0,1,2,31.98,37.12,59,7.0015,237
2,0,0,1,33.62,34.85,24,19.0012,585
2,0,1,1,25.419999999999998,30.305,69,6.0032,240
3,0,0,2,32.800000000000004,37.88,55.00000000000001,11.0014,471
4,0,1,1,22.14,25.759999999999998,39,16.997899999999998,308
3,0,1,1,34.44,38.635000000000005,47,19.0012,314
3,0,1,2,28.7,32.574999999999996,61,7.0015,283
1,0,1,2,10.66,12.879999999999999,55.00000000000001,19.999499999999998,120
4,0,1,1,22.96,26.515,73,23.9994,132
1,0,1,1,24.599999999999998,30.305,60,26.0027,233
2,0,1,1,18.86,22.725,41,30.002599999999997,259
4,0,1,2,13.940000000000001,15.909999999999998,42,15.001299999999999,128
4,0,1,1,22.14,25.759999999999998,39,23.9994,200
2,0,0,1,27.060000000000002,31.06,54,15.001299999999999,649
3,0,1,3,24.599999999999998,27.275,88,0,11
3,0,1,1,38.54,41.665,31,0,156
1,0,1,1,9.84,11.365,44,12.998,119
2,0,1,2,21.32,25,48,6.0032,135
1,0,1,1,13.120000000000001,14.395,36,26.0027,70
3,0,1,1,28.7,31.819999999999997,42,0,283
4,0,1,1,24.599999999999998,31.06,53,0,260
1,0,0,1,12.299999999999999,15.909999999999998,52,7.0015,97
1,0,1,2,16.400000000000002,20.455000000000002,76,15.001299999999999,100
1,0,0,1,9.84,10.605,41,19.0012,104
4,0,1,3,18.86,22.725,100,0,54
3,0,1,2,37.72,43.94,40,16.997899999999998,226
1,0,1,2,16.400000000000002,20.455000000000002,71,7.0015,88
2,0,1,1,27.880000000000003,31.819999999999997,69,26.0027,204
4,0,1,1,25.419999999999998,29.544999999999998,73,15.001299999999999,375
4,0,1,1,27.060000000000002,31.06,54,0,306
1,0,1,1,11.48,12.879999999999999,30,19.999499999999998,71
2,0,1,1,13.940000000000001,15.15,25,19.999499999999998,104
3,0,0,1,33.62,37.12,41,22.0028,349
1,0,0,2,6.5600000000000005,9.09,80,8.9981,199
2,0,1,3,26.240000000000002,30.305,65,16.997899999999998,219
2,0,0,2,20.5,24.240000000000002,63,16.997899999999998,551
4,0,1,1,22.96,26.515,35,19.999499999999998,342
4,0,0,2,20.5,24.240000000000002,63,8.9981,304
2,0,0,1,31.98,37.12,59,19.0012,373
3,0,1,1,33.62,37.12,41,15.001299999999999,255
2,0,1,1,22.96,26.515,43,22.0028,273
3,0,0,1,27.880000000000003,31.819999999999997,39,0,729
3,1,0,2,31.98,35.605,49,0,423
2,0,1,1,26.240000000000002,30.305,69,15.001299999999999,181
4,0,0,1,13.940000000000001,15.15,34,27.999299999999998,286
2,0,1,2,25.419999999999998,30.305,65,22.0028,263
1,0,1,2,16.400000000000002,20.455000000000002,76,8.9981,99
1,0,1,1,13.120000000000001,15.15,39,19.999499999999998,144
1,0,1,1,24.599999999999998,31.06,43,12.998,176
2,0,1,1,18.86,22.725,38,32.9975,112
4,0,1,1,14.76,16.665,43,22.0028,244
4,1,0,1,20.5,24.240000000000002,31,19.999499999999998,168
4,0,1,2,21.32,25,48,16.997899999999998,169
4,0,1,2,24.599999999999998,31.06,43,7.0015,244
4,0,0,2,16.400000000000002,20.455000000000002,82,16.997899999999998,158
2,0,0,1,22.14,25.759999999999998,39,19.999499999999998,455
2,0,1,2,29.52,33.335,54,16.997899999999998,151
3,0,1,1,31.16,33.335,35,16.997899999999998,243
4,0,1,3,17.22,21.21,82,27.999299999999998,18
4,0,0,1,23.779999999999998,27.275,35,16.997899999999998,444
3,0,0,1,30.34,34.089999999999996,55.00000000000001,19.0012,370
2,0,1,2,28.7,32.574999999999996,57.99999999999999,15.001299999999999,269
3,0,1,2,31.98,34.85,43,0,292
4,1,0,1,15.58,19.695,37,36.9974,236
3,0,1,1,33.62,36.364999999999995,38,19.999499999999998,240
2,0,1,2,22.96,26.515,64,31.0009,92
3,1,0,2,29.52,34.089999999999996,70,12.998,353
2,0,1,2,30.34,32.574999999999996,27,32.9975,123
4,0,0,1,25.419999999999998,31.06,43,31.0009,313
2,0,1,1,23.779999999999998,27.275,53,12.998,362
2,0,1,1,35.26,40.15,47,8.9981,162
3,0,1,1,28.7,32.574999999999996,54,12.998,247
4,0,1,1,25.419999999999998,31.06,53,23.9994,332
3,0,1,1,34.44,35.605,26,19.0012,276
1,0,1,2,7.38,10.605,55.00000000000001,7.0015,68
1,0,1,1,16.400000000000002,20.455000000000002,37,23.9994,170
1,0,1,3,9.84,12.879999999999999,87,7.0015,46
1,0,1,2,18.86,22.725,77,6.0032,260
3,0,1,1,30.34,34.85,66,11.0014,207
3,0,1,1,37.72,40.910000000000004,28.999999999999996,12.998,123
3,0,1,1,32.800000000000004,36.364999999999995,43,7.0015,201
2,0,1,1,26.240000000000002,30.305,65,7.0015,179
1,0,1,3,9.02,9.85,93,22.0028,47
3,0,0,1,29.52,33.335,57.99999999999999,19.0012,342
4,0,1,1,14.76,18.18,40,7.0015,240
1,0,1,2,11.48,13.635,45,11.0014,91
3,0,1,1,31.16,35.605,62,15.001299999999999,152
4,0,1,3,22.96,26.515,60,7.0015,82
4,1,0,1,30.34,32.574999999999996,37,0,370
1,0,1,1,13.940000000000001,16.665,87,11.0014,203
2,0,1,2,33.62,36.364999999999995,34,19.0012,259
1,0,0,2,6.5600000000000005,7.575,80,15.001299999999999,185
3,0,1,2,31.16,35.605,57.99999999999999,15.001299999999999,147
1,0,1,2,12.299999999999999,15.909999999999998,81,6.0032,70
1,0,1,2,10.66,10.605,56.00000000000001,35.0008,119
1,0,1,1,10.66,12.120000000000001,30,19.0012,77
4,0,0,1,27.060000000000002,31.06,39,27.999299999999998,617
3,0,0,1,36.9,38.635000000000005,25,12.998,338
1,0,1,2,5.74,6.819999999999999,43,15.001299999999999,60
2,0,0,3,21.32,25,83,39.000699999999995,63
3,0,0,1,22.14,25.759999999999998,64,8.9981,364
2,0,1,1,26.240000000000002,31.06,38,0,302
2,0,1,2,22.14,25.759999999999998,39,23.9994,268
2,0,0,1,13.120000000000001,15.909999999999998,36,11.0014,164
2,0,1,1,17.22,21.21,35,19.999499999999998,337
1,0,0,2,10.66,12.879999999999999,65,12.998,248
3,0,1,1,33.62,37.88,46,0,287
2,0,1,2,12.299999999999999,14.395,24,15.001299999999999,83
2,0,1,2,22.14,25.759999999999998,64,15.001299999999999,101
4,0,0,1,21.32,25,55.00000000000001,15.001299999999999,408
2,0,0,3,30.34,34.089999999999996,57.99999999999999,7.0015,317
4,0,1,1,13.940000000000001,16.665,42,12.998,214
2,0,1,1,23.779999999999998,27.275,78,6.0032,298
3,0,1,1,32.800000000000004,35.605,41,8.9981,272
2,0,1,1,24.599999999999998,31.06,43,12.998,195
2,0,0,2,24.599999999999998,30.305,64,7.0015,518
1,0,1,1,9.02,10.605,41,19.0012,64
2,0,1,1,31.98,34.089999999999996,31,8.9981,145
1,0,0,1,12.299999999999999,13.635,33,22.0028,329
2,0,0,1,24.599999999999998,29.544999999999998,18,30.002599999999997,503
2,0,1,1,30.34,34.089999999999996,57.99999999999999,8.9981,272
4,0,1,1,18.86,22.725,67,0,179
2,0,1,1,22.96,26.515,28.000000000000004,36.9974,218
1,0,0,1,13.120000000000001,14.395,36,30.002599999999997,158
3,0,1,2,34.44,40.15,53,19.999499999999998,273
3,0,1,1,33.62,39.395,56.00000000000001,12.998,185
3,0,1,2,32.800000000000004,37.12,52,12.998,253
3,0,1,1,31.16,35.605,57.99999999999999,23.9994,307
2,0,1,1,25.419999999999998,31.06,38,19.0012,174
2,0,1,1,20.5,24.240000000000002,34,27.999299999999998,115
3,0,1,2,32.800000000000004,35.605,42,11.0014,273
2,0,1,1,30.34,32.574999999999996,35,8.9981,293
1,0,0,3,8.200000000000001,12.120000000000001,100,0,48
4,0,1,1,21.32,25,32,6.0032,348
3,0,1,1,35.26,12.120000000000001,34,27.999299999999998,328
4,0,1,2,16.400000000000002,20.455000000000002,62,19.0012,242
4,0,0,1,13.120000000000001,15.15,36,22.0028,225
4,0,1,2,30.34,33.335,48,0,326
1,0,1,3,17.22,21.21,100,19.999499999999998,25
2,0,1,1,28.7,32.574999999999996,65,16.997899999999998,243
1,0,1,3,9.84,12.879999999999999,81,7.0015,70
3,0,0,1,29.52,32.574999999999996,30,19.0012,647
2,0,1,1,28.7,31.819999999999997,45,11.0014,403
1,0,1,2,18.86,22.725,63,0,159
4,0,1,1,25.419999999999998,31.06,46,30.002599999999997,185
3,0,1,1,34.44,39.395,49,11.0014,175
3,0,1,2,29.52,34.85,79,15.001299999999999,137
4,0,1,1,13.120000000000001,15.15,45,16.997899999999998,137
2,0,0,1,20.5,24.240000000000002,45,7.0015,595
3,0,0,1,29.52,33.335,54,19.999499999999998,688
3,0,0,1,33.62,38.635000000000005,52,35.0008,668
4,0,0,1,16.400000000000002,20.455000000000002,35,19.0012,311
2,0,1,1,24.599999999999998,31.06,56.00000000000001,0,226
3,0,1,2,31.98,37.88,66,19.0012,229
3,0,1,1,30.34,35.605,74,6.0032,216
3,0,1,1,30.34,33.335,42,0,300
4,0,0,1,17.22,21.21,38,16.997899999999998,525
4,0,1,3,16.400000000000002,20.455000000000002,76,0,120
1,1,0,1,11.48,13.635,45,15.001299999999999,281
3,0,1,1,34.44,37.88,44,8.9981,286
1,0,1,1,12.299999999999999,13.635,33,26.0027,105
4,0,0,3,9.84,9.85,87,35.0008,30
3,0,1,1,31.16,33.335,37,6.0032,302
1,0,0,1,13.120000000000001,13.635,28.999999999999996,43.9989,258
3,0,0,1,31.16,34.089999999999996,48,19.0012,654
3,0,0,1,36.08,37.88,28.999999999999996,0,308
2,0,1,2,25.419999999999998,30.305,69,7.0015,162
2,0,0,1,29.52,32.574999999999996,37,15.001299999999999,573
3,0,1,1,32.800000000000004,34.85,31,12.998,188
3,0,0,1,36.9,42.425000000000004,42,19.999499999999998,324
4,0,1,2,24.599999999999998,27.275,88,8.9981,154
2,0,1,1,35.26,41.665,53,0,169
4,0,0,1,18.86,22.725,51,11.0014,314
3,0,0,1,32.800000000000004,36.364999999999995,46,12.998,522
1,0,1,1,9.84,9.85,38,32.9975,154
1,0,1,2,10.66,13.635,56.00000000000001,7.0015,130
1,0,0,2,11.48,13.635,52,16.997899999999998,255
2,0,1,2,25.419999999999998,30.305,69,12.998,170
4,0,1,3,17.22,21.21,67,11.0014,118
1,0,1,2,25.419999999999998,31.06,50,8.9981,265
3,0,1,2,31.16,35.605,57.99999999999999,23.9994,290
3,0,1,1,31.98,34.089999999999996,33,15.001299999999999,209
2,0,0,1,34.44,36.364999999999995,28.000000000000004,8.9981,492
4,0,1,1,26.240000000000002,31.06,47,16.997899999999998,305
1,0,1,2,24.599999999999998,31.06,49,43.000600000000006,233
4,1,0,2,17.22,21.21,62,12.998,405
1,0,0,1,18.04,21.97,51,19.0012,339
2,0,0,1,25.419999999999998,31.06,43,23.9994,668
1,1,0,1,9.84,10.605,44,26.0027,181
3,0,0,3,27.060000000000002,30.305,78,27.999299999999998,541
4,0,1,1,13.940000000000001,16.665,31,8.9981,154
4,0,1,2,22.14,25.759999999999998,68,0,176
4,0,1,1,14.76,16.665,40,16.997899999999998,222
4,0,1,3,17.22,21.21,100,6.0032,26
2,0,1,1,18.86,22.725,47,16.997899999999998,121
1,0,1,1,7.38,6.0600000000000005,34,43.9989,73
1,0,0,1,13.940000000000001,17.424999999999997,46,6.0032,161
2,1,0,1,22.14,25.759999999999998,52,16.997899999999998,163
1,0,0,1,14.76,17.424999999999997,43,12.998,369
3,0,1,1,28.7,32.574999999999996,54,11.0014,421
4,0,1,1,12.299999999999999,13.635,61,22.0028,141
1,0,1,1,18.04,21.97,54,22.0028,177
2,0,1,2,28.7,32.574999999999996,57.99999999999999,40.9973,194
2,0,0,1,33.62,35.605,30,0,502
1,0,1,1,9.02,9.85,37,27.999299999999998,64
4,0,1,2,27.880000000000003,31.819999999999997,79,11.0014,209
1,0,1,2,15.58,19.695,20,0,72
1,0,0,2,10.66,12.879999999999999,81,11.0014,221
4,0,1,2,15.58,19.695,46,0,268
1,0,1,1,17.22,21.21,38,19.999499999999998,140
4,0,0,1,24.599999999999998,31.06,38,12.998,666
1,0,1,1,12.299999999999999,14.395,26,16.997899999999998,84
3,0,0,1,36.9,42.425000000000004,42,19.999499999999998,370
1,0,1,1,11.48,13.635,36,11.0014,70
4,0,1,2,17.22,21.21,67,23.9994,167
3,0,0,3,30.34,34.85,70,0,545
2,0,1,1,31.16,33.335,25,31.0009,232
1,0,1,3,9.02,10.605,93,16.997899999999998,20
3,0,1,2,33.62,38.635000000000005,52,19.0012,145
1,0,0,2,11.48,13.635,61,11.0014,274
3,0,1,1,30.34,33.335,51,22.0028,190
4,0,1,2,15.58,19.695,40,11.0014,213
3,0,1,1,30.34,32.574999999999996,33,11.0014,209
4,0,0,1,21.32,25,63,16.997899999999998,363
4,0,0,2,14.76,16.665,50,22.0028,455
3,0,0,1,31.16,34.85,55.00000000000001,19.0012,420
1,0,1,1,15.58,19.695,36,22.0028,75
4,0,1,2,15.58,19.695,54,7.0015,217
3,1,0,1,36.9,40.910000000000004,37,11.0014,547
3,0,1,2,27.060000000000002,31.06,61,7.0015,282
3,0,1,2,32.800000000000004,37.12,52,0,313
4,0,1,2,16.400000000000002,20.455000000000002,57.99999999999999,11.0014,248
4,0,0,2,26.240000000000002,31.06,56.99999999999999,35.0008,710
1,0,1,1,13.120000000000001,15.15,21,15.001299999999999,82
3,0,1,2,22.14,25.759999999999998,42,0,223
3,0,1,1,32.800000000000004,35.605,36,15.001299999999999,221
2,0,1,1,22.14,25.759999999999998,28.000000000000004,19.0012,269
1,0,1,1,8.200000000000001,9.85,44,16.997899999999998,61
4,0,1,2,20.5,24.240000000000002,67,8.9981,238
2,0,1,1,29.52,33.335,54,11.0014,302
4,0,1,1,17.22,21.21,35,7.0015,210
1,0,1,1,26.240000000000002,31.06,53,22.0028,212
1,0,1,3,18.86,22.725,88,26.0027,61
4,0,1,2,20.5,24.240000000000002,94,15.001299999999999,210
2,0,0,2,18.86,22.725,88,39.000699999999995,32
2,0,1,1,25.419999999999998,31.06,41,32.9975,270
2,0,1,1,27.060000000000002,31.06,61,7.0015,175
2,0,0,1,18.86,22.725,23,26.0027,590
1,0,0,1,12.299999999999999,14.395,39,19.0012,118
1,0,1,2,9.84,9.85,32,30.002599999999997,50
2,0,1,2,28.7,32.574999999999996,57.99999999999999,35.0008,158
4,0,0,1,14.76,18.18,50,6.0032,292
2,0,1,2,25.419999999999998,31.06,50,23.9994,239
4,0,0,1,22.96,26.515,43,11.0014,714
3,0,0,2,30.34,35.605,74,22.0028,153
4,0,1,2,26.240000000000002,31.06,56.99999999999999,12.998,254
3,0,1,1,32.800000000000004,37.88,55.00000000000001,30.002599999999997,275
1,0,1,1,9.84,11.365,56.00000000000001,12.998,97
1,0,0,1,13.940000000000001,15.15,39,19.999499999999998,85
4,0,1,2,13.940000000000001,18.18,42,0,238
1,0,1,1,13.940000000000001,17.424999999999997,49,6.0032,160
1,1,0,1,12.299999999999999,13.635,36,19.999499999999998,176
4,0,0,2,18.04,21.97,72,6.0032,320
3,0,1,1,30.34,32.574999999999996,30,31.0009,205
1,0,0,2,6.5600000000000005,8.334999999999999,80,11.0014,182
1,0,1,1,19.68,23.485,39,15.001299999999999,221
3,0,1,2,27.060000000000002,31.06,69,19.999499999999998,179
2,0,0,2,28.7,33.335,74,15.001299999999999,402
3,0,1,1,31.98,34.85,43,16.997899999999998,251
3,0,1,1,33.62,39.395,56.00000000000001,16.997899999999998,152
3,0,0,1,34.44,37.88,41,15.001299999999999,487
2,0,1,1,20.5,24.240000000000002,25,26.0027,216
3,0,1,1,38.54,47.725,48,11.0014,115
3,0,0,1,31.16,35.605,57.99999999999999,15.001299999999999,546
4,0,1,2,25.419999999999998,31.06,46,6.0032,378
2,0,0,1,30.34,34.85,70,19.0012,351
3,0,1,1,30.34,32.574999999999996,35,16.997899999999998,223
2,0,1,1,18.86,22.725,33,22.0028,300
4,0,1,1,18.86,22.725,55.00000000000001,11.0014,189
3,0,0,2,31.16,35.605,62,6.0032,591
3,0,1,1,28.7,31.819999999999997,37,11.0014,278
1,0,1,2,9.84,12.120000000000001,48,11.0014,86
2,0,1,2,29.52,33.335,51,15.001299999999999,249
2,0,1,1,13.120000000000001,15.909999999999998,39,12.998,138
3,0,1,2,32.800000000000004,35.605,38,0,369
4,0,1,2,16.400000000000002,20.455000000000002,71,8.9981,147
4,0,1,1,20.5,24.240000000000002,51,11.0014,180
4,0,1,1,22.14,25.759999999999998,49,6.0032,189
1,0,1,3,17.22,21.21,82,26.0027,14
2,0,1,1,28.7,32.574999999999996,57.99999999999999,7.0015,289
4,0,1,1,22.96,26.515,49,6.0032,226
3,0,1,1,28.7,32.574999999999996,51,12.998,265
1,0,1,2,22.96,26.515,64,19.999499999999998,36
4,0,1,1,24.599999999999998,30.305,28.000000000000004,0,303
1,0,1,2,14.76,16.665,40,16.997899999999998,173
4,0,1,1,27.880000000000003,31.819999999999997,41,11.0014,296
2,0,1,2,28.7,32.574999999999996,48,0,428
1,0,1,1,14.76,16.665,34,27.999299999999998,201
4,0,0,2,15.58,19.695,87,19.0012,285
1,0,1,2,27.060000000000002,31.06,41,6.0032,273
4,0,1,1,22.96,26.515,46,6.0032,205
2,0,1,1,16.400000000000002,20.455000000000002,24,8.9981,184
4,0,1,1,22.96,26.515,37,26.0027,198
4,0,1,2,24.599999999999998,31.06,43,11.0014,323
4,0,1,1,22.96,26.515,40,16.997899999999998,200
4,0,1,1,24.599999999999998,29.544999999999998,73,8.9981,285
1,0,1,1,13.940000000000001,15.909999999999998,42,15.001299999999999,87
3,0,1,1,30.34,34.089999999999996,55.00000000000001,15.001299999999999,307
1,0,1,2,22.96,26.515,60,30.002599999999997,251
3,0,1,2,31.16,34.85,55.00000000000001,16.997899999999998,255
3,0,0,3,28.7,33.335,79,26.0027,235
1,0,1,1,24.599999999999998,31.06,31,15.001299999999999,81
4,0,1,2,13.120000000000001,15.15,53,19.0012,212
2,0,1,2,24.599999999999998,31.06,53,22.0028,272
2,0,1,3,18.86,22.725,51,7.0015,110
2,0,1,2,32.800000000000004,36.364999999999995,43,12.998,261
2,0,1,1,35.26,39.395,44,7.0015,211
3,0,1,1,36.9,40.910000000000004,35,12.998,215
2,0,0,1,26.240000000000002,31.06,44,19.0012,635
1,0,0,1,13.940000000000001,15.909999999999998,27,19.0012,379
1,0,1,3,12.299999999999999,15.15,87,8.9981,20
1,0,1,1,15.58,19.695,82,26.0027,63
1,0,0,3,8.200000000000001,12.120000000000001,100,0,84
2,0,1,2,21.32,25,88,12.998,223
4,0,1,1,20.5,24.240000000000002,48,16.997899999999998,150
2,0,0,1,29.52,32.574999999999996,34,11.0014,617
1,0,1,1,16.400000000000002,20.455000000000002,54,27.999299999999998,200
4,0,1,1,18.86,22.725,41,19.0012,214
1,0,0,1,20.5,24.240000000000002,42,19.0012,512
3,0,1,1,31.16,35.605,56.99999999999999,11.0014,288
3,0,1,1,26.240000000000002,31.06,38,15.001299999999999,323
4,0,1,1,24.599999999999998,31.06,31,19.999499999999998,328
4,0,1,3,14.76,16.665,87,19.0012,64
4,0,0,1,17.22,21.21,32,19.999499999999998,349
1,0,0,2,18.86,22.725,94,22.0028,79
1,0,1,1,9.02,10.605,35,19.999499999999998,61
3,0,0,2,30.34,34.85,66,6.0032,499
3,0,1,2,31.16,34.089999999999996,45,19.999499999999998,270
1,0,1,1,27.060000000000002,31.06,36,19.999499999999998,191
1,0,0,2,8.200000000000001,10.605,80,11.0014,67
3,0,0,1,36.9,43.18,45,11.0014,246
4,0,0,1,16.400000000000002,20.455000000000002,62,19.999499999999998,428
3,0,0,1,38.54,43.94,38,16.997899999999998,337
3,0,1,1,36.9,38.635000000000005,25,19.0012,159
4,0,0,1,24.599999999999998,31.06,46,16.997899999999998,750
1,0,0,2,13.940000000000001,15.909999999999998,42,16.997899999999998,174
3,0,0,1,30.34,34.089999999999996,55.00000000000001,19.0012,359
1,1,0,1,12.299999999999999,14.395,42,19.0012,312
3,0,0,1,33.62,38.635000000000005,52,30.002599999999997,626
3,0,0,1,38.54,43.94,38,11.0014,245
4,0,1,2,17.22,21.21,67,0,313
3,0,0,2,29.52,33.335,51,23.9994,517
3,0,0,2,29.52,34.089999999999996,66,11.0014,380
4,0,0,1,24.599999999999998,31.06,53,16.997899999999998,668
1,0,1,2,13.120000000000001,15.15,76,16.997899999999998,98
4,0,1,2,25.419999999999998,31.06,43,6.0032,201
3,0,1,2,27.880000000000003,31.819999999999997,44,11.0014,207
3,0,1,1,29.52,32.574999999999996,30,7.0015,234
2,0,1,3,14.76,15.909999999999998,62,30.002599999999997,114
4,0,1,1,19.68,23.485,55.00000000000001,12.998,167
3,0,1,2,30.34,34.85,66,23.9994,315
1,0,1,1,7.38,8.334999999999999,28.999999999999996,19.999499999999998,62
3,0,1,1,31.16,34.089999999999996,45,7.0015,266
1,0,1,2,10.66,12.879999999999999,50,15.001299999999999,82
3,0,1,2,30.34,34.089999999999996,57.99999999999999,8.9981,266
2,0,1,2,24.599999999999998,31.06,56.00000000000001,16.997899999999998,255
1,0,0,1,4.1000000000000005,6.819999999999999,33,7.0015,75
2,0,1,1,18.04,21.97,44,30.002599999999997,281
2,0,1,2,27.060000000000002,31.06,69,6.0032,248
2,0,0,3,13.120000000000001,15.15,76,22.0028,190
4,0,1,1,20.5,24.240000000000002,48,6.0032,176
3,0,1,1,33.62,37.12,43,19.999499999999998,150
1,0,1,1,13.940000000000001,16.665,93,11.0014,75
2,0,0,1,13.120000000000001,15.15,33,15.001299999999999,239
3,0,1,1,34.44,39.395,49,8.9981,254
3,0,1,1,35.26,41.665,53,7.0015,172
3,0,1,1,28.7,31.819999999999997,30,31.0009,306
3,0,1,1,32.800000000000004,35.605,41,12.998,176
4,0,1,1,16.400000000000002,20.455000000000002,54,19.0012,236
4,0,1,1,16.400000000000002,20.455000000000002,43,19.0012,290
3,0,1,1,31.98,34.85,40,12.998,276
1,0,1,3,18.04,21.97,0,19.999499999999998,12
2,0,1,1,22.96,26.515,28.000000000000004,27.999299999999998,348
1,0,1,2,17.22,21.21,71,7.0015,183
2,0,1,3,14.76,16.665,76,19.0012,42
3,0,1,1,26.240000000000002,31.06,33,0,316
3,0,1,1,39.36,50,48,19.999499999999998,101
3,0,1,1,32.800000000000004,37.12,49,7.0015,284
2,0,1,2,19.68,23.485,51,6.0032,247
4,0,0,2,21.32,25,28.999999999999996,27.999299999999998,339
3,0,1,1,38.54,43.94,38,22.0028,170
3,0,0,1,36.08,38.635000000000005,30,16.997899999999998,409
3,0,0,1,39.36,45.455,36,11.0014,312
1,0,1,2,23.779999999999998,27.275,32,19.0012,221
4,0,0,2,13.120000000000001,16.665,81,6.0032,446
3,0,1,1,36.9,44.695,50,23.9994,147
2,0,1,1,25.419999999999998,31.06,53,6.0032,177
2,0,0,1,27.880000000000003,31.819999999999997,36,19.0012,686
4,0,0,1,25.419999999999998,31.06,41,16.997899999999998,612
4,0,1,3,24.599999999999998,25,100,6.0032,34
4,0,1,1,18.04,21.97,41,12.998,344
3,0,1,1,34.44,36.364999999999995,34,22.0028,178
4,0,1,1,30.34,33.335,48,19.0012,277
2,0,1,1,21.32,25,27,19.0012,358
1,0,1,2,18.04,21.97,44,19.0012,205
1,0,1,1,16.400000000000002,20.455000000000002,40,15.001299999999999,124
3,0,0,1,36.9,39.395,28.999999999999996,0,305
1,0,1,2,4.1000000000000005,5.305,46,12.998,84
3,0,1,1,28.7,32.574999999999996,54,19.999499999999998,412
3,0,1,2,27.060000000000002,31.06,74,12.998,179
3,0,1,3,27.880000000000003,31.819999999999997,83,11.0014,274
3,0,1,1,34.44,39.395,49,23.9994,299
4,0,1,2,14.76,17.424999999999997,71,11.0014,215
4,0,0,1,16.400000000000002,20.455000000000002,62,22.0028,447
4,0,1,2,14.76,17.424999999999997,53,12.998,214
4,0,1,1,20.5,24.240000000000002,31,7.0015,291
2,0,1,2,12.299999999999999,13.635,70,22.0028,94
1,0,1,1,16.400000000000002,20.455000000000002,43,19.0012,170
1,0,1,1,16.400000000000002,20.455000000000002,28.000000000000004,7.0015,134
3,0,1,1,31.98,34.85,43,7.0015,338
2,0,0,1,33.62,37.88,46,0,420
1,0,1,3,9.02,9.85,93,22.0028,48
3,0,0,1,26.240000000000002,31.06,41,11.0014,694
4,0,1,2,16.400000000000002,20.455000000000002,40,32.9975,262
4,0,1,2,15.58,19.695,43,23.9994,147
3,0,1,2,27.060000000000002,30.305,83,12.998,193
3,0,0,1,30.34,34.089999999999996,57.99999999999999,7.0015,350
1,0,1,2,12.299999999999999,16.665,42,0,84
4,0,1,1,27.880000000000003,31.819999999999997,61,15.001299999999999,316
2,0,0,1,20.5,24.240000000000002,22,19.999499999999998,578
2,0,1,1,24.599999999999998,30.305,26,26.0027,363
3,0,1,1,31.98,34.089999999999996,35,8.9981,292
4,0,1,2,14.76,17.424999999999997,46,12.998,185
4,0,1,3,22.14,25.759999999999998,88,22.0028,62
2,0,1,1,14.76,17.424999999999997,56.99999999999999,12.998,135
2,0,1,1,22.14,25.759999999999998,28.000000000000004,39.000699999999995,281
1,0,1,1,10.66,11.365,33,22.0028,79
1,0,1,1,13.120000000000001,16.665,28.999999999999996,7.0015,78
3,0,1,2,28.7,33.335,74,39.000699999999995,114
1,0,0,1,12.299999999999999,12.879999999999999,36,43.9989,146
1,0,1,3,13.120000000000001,15.15,93,22.0028,70
3,0,1,3,24.599999999999998,25.759999999999998,93,0,25
4,0,1,2,14.76,17.424999999999997,66,8.9981,220
1,0,0,2,14.76,17.424999999999997,66,8.9981,75
2,0,1,1,29.52,32.574999999999996,42,0,350
1,0,0,1,8.200000000000001,8.334999999999999,32,32.9975,95
3,0,1,1,33.62,40.15,59,0,149
1,0,0,1,20.5,24.240000000000002,42,32.9975,313
4,0,1,1,23.779999999999998,27.275,49,12.998,166
1,0,1,3,13.120000000000001,16.665,76,6.0032,45
3,0,1,2,31.16,34.089999999999996,45,6.0032,371
1,0,1,1,8.200000000000001,7.575,47,39.000699999999995,55
3,0,1,2,29.52,34.85,79,12.998,90
4,0,0,1,14.76,18.94,50,0,358
2,0,0,1,26.240000000000002,31.06,38,19.999499999999998,647
1,0,1,1,13.120000000000001,16.665,56.99999999999999,8.9981,197
1,0,1,2,13.120000000000001,15.15,87,19.0012,86
3,0,1,3,22.14,25.759999999999998,88,19.0012,24
3,0,1,1,34.44,36.364999999999995,32,19.999499999999998,182
3,0,0,3,29.52,34.85,79,6.0032,457
1,0,1,2,11.48,12.879999999999999,56.99999999999999,23.9994,128
4,0,1,2,28.7,32.574999999999996,51,16.997899999999998,410
3,0,1,1,33.62,36.364999999999995,38,12.998,280
1,0,1,1,15.58,19.695,46,26.0027,163
3,0,0,1,27.060000000000002,31.06,36,23.9994,706
1,0,1,2,8.200000000000001,9.09,37,19.0012,73
4,0,0,2,16.400000000000002,20.455000000000002,87,15.001299999999999,486
3,0,0,1,28.7,32.574999999999996,65,0,411
3,0,1,1,27.880000000000003,31.819999999999997,44,7.0015,297
3,0,1,1,36.9,40.15,31,19.999499999999998,150
2,0,1,2,26.240000000000002,31.06,47,12.998,159
2,0,1,2,13.940000000000001,16.665,46,11.0014,80
1,0,1,2,12.299999999999999,16.665,52,0,142
4,0,1,2,22.14,25.759999999999998,94,19.0012,106
2,0,1,2,29.52,34.089999999999996,62,35.0008,187
4,0,1,1,14.76,16.665,40,19.999499999999998,176
1,0,1,2,8.200000000000001,12.879999999999999,86,0,52
2,0,0,1,32.800000000000004,34.85,28.999999999999996,16.997899999999998,531
3,0,0,1,27.060000000000002,31.06,39,8.9981,635
1,0,1,2,13.120000000000001,14.395,39,27.999299999999998,240
1,0,0,2,9.02,11.365,55.00000000000001,11.0014,65
1,0,1,1,20.5,24.240000000000002,45,7.0015,119
1,0,0,1,14.76,18.18,40,7.0015,228
2,0,1,3,11.48,13.635,93,12.998,90
3,0,1,1,34.44,38.635000000000005,41,0,171
1,0,0,1,8.200000000000001,9.09,32,23.9994,188
1,0,1,1,16.400000000000002,20.455000000000002,43,19.999499999999998,194
3,0,1,1,39.36,43.18,30,15.001299999999999,148
1,0,0,1,13.120000000000001,15.15,39,15.001299999999999,186
2,0,0,1,27.060000000000002,31.06,39,19.999499999999998,684
3,0,1,2,22.14,25.759999999999998,45,11.0014,225
4,0,1,3,19.68,23.485,48,16.997899999999998,313
4,1,0,1,19.68,23.485,28.999999999999996,0,220
3,0,1,1,31.16,34.089999999999996,40,6.0032,301
2,0,0,1,12.299999999999999,14.395,39,15.001299999999999,147
4,0,1,2,21.32,25,83,0,92
4,0,0,1,25.419999999999998,31.06,46,7.0015,485
4,0,0,1,25.419999999999998,31.06,46,22.0028,562
4,1,0,2,17.22,21.21,63,11.0014,341
2,0,0,1,22.14,25.759999999999998,24,16.997899999999998,457
1,0,1,1,18.04,21.97,38,26.0027,215
4,0,1,2,18.86,22.725,59,32.9975,157
1,0,1,1,14.76,17.424999999999997,34,8.9981,183
2,0,0,2,20.5,24.240000000000002,63,11.0014,332
4,0,0,1,26.240000000000002,31.06,41,30.002599999999997,619
1,0,1,1,22.96,26.515,37,15.001299999999999,220
2,0,1,2,16.400000000000002,20.455000000000002,40,23.9994,163
2,0,1,1,22.96,26.515,49,23.9994,246
3,0,1,2,27.060000000000002,31.06,74,11.0014,181
3,0,1,1,28.7,31.819999999999997,30,31.0009,267
3,0,1,1,32.800000000000004,36.364999999999995,43,19.0012,189
4,0,0,2,16.400000000000002,20.455000000000002,87,19.0012,542
2,0,0,1,28.7,32.574999999999996,54,22.0028,420
4,0,1,1,22.96,26.515,60,7.0015,178
4,0,1,1,16.400000000000002,20.455000000000002,24,32.9975,235
4,1,0,1,23.779999999999998,27.275,60,19.0012,444
1,0,1,2,14.76,16.665,53,23.9994,95
4,0,1,1,25.419999999999998,31.06,43,23.9994,156
3,0,0,1,32.800000000000004,38.635000000000005,59,15.001299999999999,421
4,0,0,1,24.599999999999998,31.06,35,31.0009,394
4,0,1,2,22.96,26.515,43,11.0014,270
4,0,0,2,16.400000000000002,20.455000000000002,62,12.998,321
4,0,0,1,17.22,21.21,38,12.998,555
2,0,1,1,13.940000000000001,16.665,25,11.0014,106
2,0,1,1,30.34,34.089999999999996,62,8.9981,333
2,0,1,2,22.14,25.759999999999998,77,12.998,169
2,0,1,1,33.62,38.635000000000005,52,27.999299999999998,238
1,0,0,1,13.120000000000001,15.15,70,16.997899999999998,79
1,0,0,1,11.48,15.15,61,6.0032,122
2,0,1,1,30.34,32.574999999999996,28.000000000000004,19.0012,189
3,0,1,2,32.800000000000004,35.605,41,7.0015,351
1,0,0,2,8.200000000000001,9.85,59,12.998,78
3,0,0,1,28.7,32.574999999999996,61,15.001299999999999,257
3,0,1,2,21.32,25,45,0,251
3,0,0,1,33.62,35.605,30,8.9981,374
2,0,0,2,14.76,18.94,81,0,222
2,0,0,1,27.880000000000003,31.819999999999997,41,7.0015,603
2,0,0,3,18.86,22.725,94,35.0008,58
1,0,1,2,18.86,22.725,67,7.0015,31
2,0,1,1,29.52,34.089999999999996,66,7.0015,321
1,0,1,1,9.02,9.85,41,26.0027,42
2,0,1,2,18.04,21.97,77,12.998,61
1,0,1,1,13.120000000000001,14.395,39,26.0027,120
2,0,1,1,35.26,38.635000000000005,39,0,165
1,0,1,1,16.400000000000002,20.455000000000002,43,19.0012,204
2,0,0,3,15.58,19.695,87,22.0028,53
1,0,1,3,13.120000000000001,15.909999999999998,81,12.998,31
4,0,1,1,19.68,23.485,55.00000000000001,27.999299999999998,160
2,0,1,3,22.96,26.515,78,8.9981,168
3,0,1,1,32.800000000000004,37.12,49,15.001299999999999,254
4,0,1,1,22.96,26.515,40,6.0032,205
3,0,1,1,35.26,40.15,47,16.997899999999998,152
1,0,1,3,9.02,9.85,87,22.0028,15
2,0,1,3,25.419999999999998,29.544999999999998,78,23.9994,171
1,0,1,1,13.120000000000001,16.665,36,8.9981,79
2,0,1,1,22.96,26.515,19,16.997899999999998,345
3,0,1,1,38.54,49.24,51,11.0014,123
3,0,1,1,35.26,39.395,44,6.0032,197
3,0,1,1,33.62,37.12,43,19.999499999999998,288
1,0,1,1,12.299999999999999,14.395,31,12.998,132
4,0,1,1,23.779999999999998,27.275,53,16.997899999999998,183
3,0,1,1,27.880000000000003,31.06,30,6.0032,255
3,0,1,1,35.26,39.395,41,0,155
1,0,1,1,17.22,21.21,38,19.999499999999998,178
4,0,1,2,22.14,25.759999999999998,64,11.0014,272
4,0,1,2,13.940000000000001,15.15,53,19.999499999999998,121
1,0,1,1,9.02,9.85,41,30.002599999999997,83
4,0,0,1,24.599999999999998,31.06,33,11.0014,654
4,0,1,2,18.04,21.97,44,15.001299999999999,152
2,0,1,1,28.7,32.574999999999996,65,15.001299999999999,203
4,0,1,1,20.5,24.240000000000002,45,19.999499999999998,240
1,0,1,2,12.299999999999999,13.635,56.00000000000001,26.0027,163
3,0,1,1,34.44,37.88,41,19.0012,174
3,0,1,1,36.9,40.910000000000004,35,23.9994,276
2,0,0,1,28.7,31.819999999999997,45,19.0012,609
3,0,1,1,29.52,34.85,74,6.0032,148
1,0,0,1,20.5,24.240000000000002,34,31.0009,301
4,0,1,2,25.419999999999998,31.06,41,11.0014,169
2,0,1,2,13.120000000000001,15.15,70,15.001299999999999,101
4,0,1,1,14.76,17.424999999999997,46,15.001299999999999,148
1,0,1,2,26.240000000000002,31.06,28.999999999999996,0,267
3,0,1,2,33.62,39.395,56.00000000000001,15.001299999999999,229
3,0,1,1,32.800000000000004,34.85,33,7.0015,343
4,0,1,1,26.240000000000002,30.305,69,15.001299999999999,332
2,0,1,1,18.04,21.97,41,16.997899999999998,134
2,0,1,1,24.599999999999998,31.06,43,12.998,348
4,0,0,2,25.419999999999998,28.79,83,6.0032,407
2,0,1,1,23.779999999999998,27.275,43,0,237
4,0,1,1,25.419999999999998,31.06,43,19.0012,302
1,0,1,1,10.66,14.395,35,6.0032,67
3,0,0,2,24.599999999999998,27.275,88,16.997899999999998,343
2,1,0,1,32.800000000000004,39.395,63,19.0012,465
3,0,1,1,36.08,38.635000000000005,32,15.001299999999999,247
3,0,0,1,33.62,36.364999999999995,34,12.998,564
1,0,1,2,16.400000000000002,20.455000000000002,50,19.999499999999998,69
4,0,1,2,21.32,25,45,22.0028,325
2,0,1,3,22.14,25.759999999999998,68,19.0012,106
4,0,1,1,17.22,21.21,35,0,228
2,0,1,1,36.08,40.15,39,12.998,190
2,0,1,1,31.98,34.85,46,16.997899999999998,190
2,0,1,1,25.419999999999998,31.06,41,15.001299999999999,162
2,0,1,2,20.5,24.240000000000002,55.00000000000001,8.9981,218
3,0,1,1,39.36,43.18,31,19.0012,135
3,0,0,1,30.34,34.85,70,16.997899999999998,259
2,0,1,1,22.96,26.515,35,6.0032,137
2,0,1,1,22.14,25.759999999999998,28.000000000000004,30.002599999999997,154
1,0,0,1,8.200000000000001,9.09,44,22.0028,102
3,0,1,2,31.16,36.364999999999995,66,19.0012,160
2,0,1,2,27.880000000000003,31.819999999999997,61,32.9975,217
3,0,1,1,31.16,34.089999999999996,48,8.9981,273
1,0,1,2,11.48,14.395,52,7.0015,131
3,0,1,1,28.7,31.819999999999997,42,0,182
1,0,1,1,17.22,21.21,54,19.999499999999998,190
3,0,1,1,36.08,37.88,28.000000000000004,7.0015,331
2,0,1,2,12.299999999999999,15.15,70,8.9981,83
4,0,1,2,21.32,25,48,11.0014,332
1,0,0,1,16.400000000000002,20.455000000000002,43,15.001299999999999,376
3,0,1,1,33.62,37.88,46,22.0028,182
2,0,1,1,29.52,33.335,57.99999999999999,22.0028,155
2,0,0,1,27.060000000000002,31.06,65,7.0015,367
4,0,1,1,18.04,21.97,35,15.001299999999999,365
2,0,0,1,33.62,39.395,56.00000000000001,16.997899999999998,315
4,0,1,1,23.779999999999998,27.275,56.00000000000001,6.0032,321
1,0,1,1,12.299999999999999,13.635,42,22.0028,154
1,0,1,2,22.96,26.515,49,23.9994,195
4,0,0,1,17.22,21.21,38,12.998,300
4,0,1,1,13.940000000000001,16.665,46,0,240
2,0,1,1,30.34,32.574999999999996,40,31.0009,148
2,0,0,1,19.68,23.485,44,7.0015,584
3,0,1,1,33.62,37.88,46,11.0014,263
3,0,0,3,29.52,33.335,54,26.0027,584
3,0,1,1,34.44,39.395,49,19.0012,274
1,0,0,2,18.04,21.97,88,8.9981,503
1,0,0,1,18.86,22.725,33,27.999299999999998,267
4,0,0,1,25.419999999999998,31.06,35,0,446
4,0,1,1,18.04,21.97,51,27.999299999999998,194
1,0,0,1,12.299999999999999,13.635,36,31.0009,160
3,0,0,1,33.62,37.12,41,15.001299999999999,416
4,0,1,2,31.16,34.089999999999996,45,6.0032,258
3,0,0,1,36.9,40.910000000000004,37,15.001299999999999,433
3,0,1,2,34.44,39.395,49,16.997899999999998,138
3,0,1,2,31.16,35.605,62,15.001299999999999,205
4,0,0,1,21.32,25,39,0,651
3,1,0,2,31.16,36.364999999999995,66,16.997899999999998,566
2,0,0,3,21.32,25,88,23.9994,223
1,0,1,1,9.84,11.365,35,12.998,110
1,0,1,1,13.940000000000001,14.395,46,36.9974,140
1,0,1,1,22.14,25.759999999999998,34,15.001299999999999,123
2,0,1,1,18.86,22.725,44,22.0028,273
4,0,0,2,22.14,25.759999999999998,28.000000000000004,32.9975,371
2,0,0,1,18.86,22.725,38,26.0027,354
3,0,0,2,31.98,37.12,62,19.0012,419
3,0,1,1,36.9,40.910000000000004,35,0,172
4,0,1,2,26.240000000000002,28.79,83,11.0014,162
3,0,0,1,32.800000000000004,37.88,55.00000000000001,7.0015,404
2,0,1,2,18.04,21.97,47,8.9981,225
2,0,0,1,22.14,25.759999999999998,39,15.001299999999999,452
4,0,1,1,18.86,22.725,38,19.0012,424
2,0,0,2,16.400000000000002,20.455000000000002,94,15.001299999999999,360
4,0,1,1,14.76,17.424999999999997,34,11.0014,242
1,0,1,2,16.400000000000002,20.455000000000002,47,6.0032,245
3,0,1,3,28.7,33.335,79,0,41
4,0,0,2,20.5,24.240000000000002,59,30.002599999999997,402
2,0,1,3,24.599999999999998,28.03,83,12.998,180
3,0,1,2,26.240000000000002,30.305,65,27.999299999999998,170
1,0,0,1,13.120000000000001,15.15,28.999999999999996,19.0012,357
2,0,1,2,25.419999999999998,29.544999999999998,73,15.001299999999999,176
3,0,0,1,37.72,41.665,33,16.997899999999998,444
1,0,1,2,21.32,25,42,6.0032,111
4,0,1,2,20.5,24.240000000000002,77,8.9981,134
3,0,1,1,32.800000000000004,37.12,52,11.0014,280
1,0,1,1,9.02,11.365,25,8.9981,72
3,0,0,1,32.800000000000004,38.635000000000005,59,27.999299999999998,310
2,0,1,2,27.060000000000002,31.06,74,11.0014,270
1,0,0,2,18.04,21.97,67,16.997899999999998,167
1,0,0,1,14.76,16.665,34,23.9994,332
4,0,1,2,24.599999999999998,31.06,43,11.0014,305
3,0,0,1,31.16,34.089999999999996,45,19.999499999999998,497
1,0,1,2,11.48,13.635,45,15.001299999999999,247
3,0,1,1,27.060000000000002,31.06,36,19.0012,340
4,0,0,1,22.14,25.759999999999998,60,12.998,313
3,0,0,1,35.26,39.395,40,23.9994,547
4,0,0,2,19.68,23.485,48,8.9981,299
4,0,1,2,28.7,32.574999999999996,54,16.997899999999998,399
1,0,1,1,16.400000000000002,20.455000000000002,76,7.0015,141
1,0,1,1,22.96,26.515,22,30.002599999999997,126
3,0,0,1,32.800000000000004,37.12,49,12.998,375
1,0,0,2,18.86,22.725,67,19.0012,190
1,0,1,2,8.200000000000001,12.879999999999999,86,0,55
3,0,1,2,32.800000000000004,37.88,55.00000000000001,8.9981,283
3,0,1,1,26.240000000000002,31.06,44,8.9981,336
2,0,0,1,28.7,31.819999999999997,37,8.9981,704
2,0,0,2,10.66,12.879999999999999,44,15.001299999999999,163
1,0,1,1,8.200000000000001,9.09,34,19.999499999999998,58
2,0,0,2,19.68,23.485,77,7.0015,281
4,0,1,1,24.599999999999998,31.06,56.00000000000001,0,143
3,0,1,2,31.98,37.12,59,11.0014,271
3,0,1,2,24.599999999999998,30.305,60,0,177
1,0,0,1,16.400000000000002,20.455000000000002,50,30.002599999999997,166
2,0,0,1,18.86,22.725,82,7.0015,263
1,0,1,1,6.5600000000000005,6.0600000000000005,43,35.0008,79
3,0,0,1,29.52,34.85,74,16.997899999999998,377
4,0,1,1,13.940000000000001,15.15,49,22.0028,142
4,0,1,1,28.7,33.335,74,16.997899999999998,162
2,0,0,2,14.76,17.424999999999997,81,8.9981,202
4,0,1,2,26.240000000000002,31.06,44,0,303
1,0,1,1,18.86,22.725,28.000000000000004,27.999299999999998,82
2,0,0,1,26.240000000000002,31.06,36,12.998,659
4,0,1,3,11.48,12.879999999999999,87,23.9994,94
4,0,1,2,23.779999999999998,27.275,56.00000000000001,0,162
4,0,0,2,18.04,21.97,67,0,314
3,0,0,3,24.599999999999998,28.03,83,15.001299999999999,457
1,0,1,3,13.120000000000001,16.665,81,7.0015,73
4,0,1,1,23.779999999999998,27.275,43,6.0032,195
3,0,1,1,33.62,39.395,56.00000000000001,7.0015,211
4,0,0,1,25.419999999999998,31.06,41,16.997899999999998,594
1,0,0,2,8.200000000000001,9.85,80,16.997899999999998,76
2,0,1,2,10.66,13.635,25,0,79
1,0,0,1,8.200000000000001,9.09,34,19.0012,224
2,0,1,2,25.419999999999998,29.544999999999998,78,7.0015,254
1,0,0,2,10.66,12.120000000000001,81,16.997899999999998,243
3,0,1,1,31.16,34.85,52,16.997899999999998,216
1,0,1,2,26.240000000000002,31.06,56.99999999999999,12.998,260
3,0,1,1,34.44,37.88,44,7.0015,277
2,0,1,3,22.14,25.759999999999998,73,12.998,180
3,0,1,2,31.16,36.364999999999995,70,19.0012,213
1,0,0,1,17.22,21.21,47,0,259
3,0,1,1,30.34,32.574999999999996,35,19.0012,178
3,0,1,2,24.599999999999998,30.305,60,12.998,188
4,0,1,1,17.22,21.21,50,15.001299999999999,213
2,0,1,2,32.800000000000004,36.364999999999995,46,19.0012,183
4,0,1,1,17.22,21.21,50,12.998,218
2,0,1,1,28.7,32.574999999999996,54,19.0012,298
1,0,0,1,13.940000000000001,15.15,39,19.999499999999998,121
1,0,0,1,12.299999999999999,13.635,75,19.999499999999998,66
2,0,1,1,24.599999999999998,31.06,35,22.0028,248
1,0,1,2,12.299999999999999,15.909999999999998,42,6.0032,192
4,0,1,1,21.32,25,52,8.9981,203
2,0,1,1,28.7,31.819999999999997,34,16.997899999999998,200
2,0,1,1,25.419999999999998,31.06,41,12.998,327
2,0,0,1,28.7,31.819999999999997,39,19.0012,628
2,0,0,1,30.34,32.574999999999996,28.000000000000004,8.9981,456
3,0,1,1,25.419999999999998,31.06,43,8.9981,290
3,0,1,1,28.7,33.335,79,7.0015,37
4,0,1,2,13.940000000000001,18.18,46,0,225
3,0,1,2,30.34,34.089999999999996,55.00000000000001,16.997899999999998,242
4,0,0,2,27.060000000000002,31.06,74,8.9981,390
3,0,1,3,33.62,37.88,46,8.9981,116
1,0,1,1,20.5,24.240000000000002,59,12.998,185
2,0,1,2,14.76,15.909999999999998,56.99999999999999,32.9975,76
4,0,1,1,14.76,17.424999999999997,56.99999999999999,8.9981,204
2,0,1,1,33.62,38.635000000000005,52,19.0012,189
3,0,1,1,35.26,39.395,41,7.0015,281
2,0,1,3,25.419999999999998,30.305,69,22.0028,71
4,0,1,2,22.14,25.759999999999998,60,19.0012,147
2,0,0,2,20.5,24.240000000000002,68,7.0015,238
3,0,0,1,33.62,37.88,46,19.0012,377
3,0,1,2,33.62,37.88,46,0,261
2,0,1,1,20.5,24.240000000000002,42,32.9975,292
1,0,1,2,11.48,14.395,61,7.0015,126
4,0,1,2,13.940000000000001,15.15,42,23.9994,173
3,0,1,1,36.08,40.910000000000004,42,7.0015,212
1,0,0,1,15.58,19.695,50,26.0027,362
4,0,1,1,13.940000000000001,16.665,46,8.9981,278
3,0,1,2,27.880000000000003,31.819999999999997,83,26.0027,126
4,0,0,1,18.86,22.725,55.00000000000001,6.0032,343
2,0,1,2,22.96,26.515,88,22.0028,172
3,0,1,1,32.800000000000004,37.88,55.00000000000001,27.999299999999998,274
1,0,1,1,20.5,24.240000000000002,55.00000000000001,36.9974,176
3,0,0,3,26.240000000000002,30.305,73,0,298
3,0,1,1,31.16,34.85,55.00000000000001,16.997899999999998,178
1,0,1,1,9.84,9.85,38,32.9975,65
3,0,0,3,27.060000000000002,30.305,83,32.9975,76
4,0,1,2,29.52,34.089999999999996,70,11.0014,251
3,0,1,2,32.800000000000004,37.12,52,16.997899999999998,236
3,0,1,1,32.800000000000004,36.364999999999995,46,0,248
3,0,1,2,36.9,40.910000000000004,35,0,254
4,0,1,3,23.779999999999998,27.275,53,15.001299999999999,194
4,0,1,1,24.599999999999998,31.06,53,0,235
2,0,0,1,27.880000000000003,31.819999999999997,36,22.0028,678
4,0,1,1,21.32,25,52,11.0014,152
1,0,1,1,9.02,11.365,51,11.0014,78
2,0,1,3,15.58,19.695,66,15.001299999999999,80
1,0,1,1,13.120000000000001,15.909999999999998,61,11.0014,150
3,0,0,2,35.26,39.395,44,11.0014,514
1,0,1,2,14.76,18.18,56.99999999999999,6.0032,64
4,0,1,2,29.52,33.335,54,12.998,288
4,0,1,2,15.58,19.695,50,15.001299999999999,254
2,0,0,1,26.240000000000002,30.305,73,12.998,437
2,0,1,1,25.419999999999998,28.79,83,19.999499999999998,142
2,0,1,2,15.58,19.695,54,0,270
1,0,1,1,27.060000000000002,31.06,27,15.001299999999999,254
1,0,1,1,17.22,21.21,77,11.0014,183
4,0,0,1,19.68,23.485,36,19.0012,353
2,0,1,2,24.599999999999998,31.06,46,11.0014,267
3,0,1,1,32.800000000000004,35.605,41,15.001299999999999,241
1,0,1,2,14.76,18.94,23,0,99
4,0,1,1,18.04,21.97,54,16.997899999999998,217
1,0,0,2,9.02,11.365,60,8.9981,99
1,0,1,1,12.299999999999999,14.395,49,16.997899999999998,120
3,0,1,1,32.800000000000004,34.85,26,0,263
1,0,0,1,13.120000000000001,14.395,31,32.9975,226
4,0,1,2,14.76,16.665,53,19.0012,160
1,0,0,1,13.120000000000001,15.15,26,16.997899999999998,280
1,0,0,1,9.02,10.605,44,19.0012,220
4,0,0,2,24.599999999999998,31.06,56.00000000000001,27.999299999999998,576
4,0,0,2,12.299999999999999,12.879999999999999,36,40.9973,199
4,0,0,1,11.48,12.879999999999999,45,23.9994,237
3,0,0,1,36.9,38.635000000000005,24,8.9981,294
4,0,1,1,22.96,26.515,46,6.0032,191
4,0,0,1,22.14,25.759999999999998,56.00000000000001,19.0012,256
2,0,1,2,27.880000000000003,31.819999999999997,44,27.999299999999998,334
2,0,1,1,29.52,33.335,54,26.0027,206
3,0,1,2,23.779999999999998,27.275,88,12.998,112
1,0,0,1,18.04,21.97,18,32.9975,119
1,0,1,1,16.400000000000002,20.455000000000002,43,23.9994,205
2,0,0,1,27.880000000000003,31.819999999999997,65,16.997899999999998,388
1,0,0,1,13.940000000000001,18.18,46,0,182
2,0,1,2,14.76,16.665,63,27.999299999999998,56
1,0,1,2,12.299999999999999,14.395,52,15.001299999999999,172
2,0,1,3,27.060000000000002,30.305,83,16.997899999999998,95
2,0,0,1,24.599999999999998,31.06,49,0,366
3,0,1,1,31.98,34.089999999999996,28.999999999999996,6.0032,253
3,0,0,2,33.62,38.635000000000005,52,6.0032,504
1,0,0,1,17.22,21.21,57.99999999999999,19.0012,223
2,0,0,1,33.62,38.635000000000005,49,7.0015,380
1,0,1,3,7.38,10.605,93,7.0015,31
3,0,1,1,31.98,34.85,40,11.0014,254
4,0,0,2,10.66,12.879999999999999,41,11.0014,195
4,0,1,2,22.14,25.759999999999998,64,12.998,244
4,0,1,2,24.599999999999998,30.305,64,8.9981,351
2,0,1,1,32.800000000000004,34.089999999999996,24,23.9994,203
4,0,1,1,20.5,24.240000000000002,45,39.000699999999995,164
3,1,0,1,35.26,39.395,41,15.001299999999999,494
4,0,0,1,14.76,18.94,46,0,343
4,0,1,2,27.060000000000002,31.06,47,22.0028,266
2,0,1,1,20.5,24.240000000000002,31,0,322
1,0,1,1,9.02,9.09,27,39.000699999999995,78
3,0,1,1,29.52,33.335,54,11.0014,275
4,0,0,2,12.299999999999999,14.395,42,16.997899999999998,203
4,0,1,1,18.04,21.97,41,22.0028,262
2,0,1,3,13.940000000000001,16.665,87,12.998,40
1,0,1,1,10.66,14.395,35,0,84
2,0,1,1,27.880000000000003,31.819999999999997,51,0,193
2,0,0,1,18.04,21.97,33,19.999499999999998,367
3,0,1,3,22.96,26.515,94,0,22
1,0,1,3,9.02,11.365,93,12.998,61
3,1,0,2,31.98,35.605,52,0,447
1,0,1,1,25.419999999999998,30.305,61,16.997899999999998,263
2,0,1,3,12.299999999999999,15.15,87,8.9981,68
2,0,1,1,14.76,17.424999999999997,27,0,211
3,0,1,1,27.880000000000003,31.819999999999997,56.99999999999999,11.0014,389
3,0,1,1,26.240000000000002,31.06,44,26.0027,332
1,0,0,1,7.38,8.334999999999999,40,19.999499999999998,234
3,0,1,1,33.62,36.364999999999995,38,19.0012,191
2,0,1,1,34.44,37.88,44,8.9981,207
4,0,1,1,20.5,24.240000000000002,45,15.001299999999999,283
2,0,1,2,21.32,25,83,8.9981,204
2,0,1,3,23.779999999999998,27.275,64,16.997899999999998,183
1,0,1,2,29.52,32.574999999999996,30,7.0015,258
2,0,1,2,22.14,25.759999999999998,88,12.998,272
3,0,1,1,35.26,39.395,44,19.999499999999998,163
4,0,1,1,27.060000000000002,30.305,78,12.998,133
4,0,0,2,13.940000000000001,16.665,81,11.0014,520
2,0,1,2,14.76,16.665,46,23.9994,87
3,0,1,1,32.800000000000004,37.88,55.00000000000001,19.0012,260
4,0,0,1,16.400000000000002,20.455000000000002,40,12.998,509
4,0,1,1,24.599999999999998,31.06,49,26.0027,203
2,0,1,2,23.779999999999998,27.275,83,15.001299999999999,245
3,0,1,1,29.52,33.335,51,19.999499999999998,260
2,0,0,1,30.34,34.089999999999996,55.00000000000001,8.9981,524
1,0,1,1,8.200000000000001,7.575,21,39.000699999999995,73
2,0,1,1,18.86,22.725,31,27.999299999999998,268
3,0,1,1,33.62,12.120000000000001,41,15.001299999999999,365
4,0,1,2,17.22,21.21,50,15.001299999999999,224
2,0,1,1,20.5,24.240000000000002,34,26.0027,228
3,0,0,1,37.72,44.695,42,0,236
1,0,1,1,9.02,12.879999999999999,25,6.0032,80
4,0,0,1,16.400000000000002,20.455000000000002,40,11.0014,476
1,0,1,2,11.48,14.395,45,7.0015,98
4,0,0,1,12.299999999999999,13.635,49,19.999499999999998,228
4,0,1,2,21.32,25,52,22.0028,132
1,0,1,1,13.940000000000001,17.424999999999997,23,7.0015,135
2,0,0,1,28.7,31.819999999999997,37,19.0012,607
1,0,0,1,18.86,22.725,41,19.999499999999998,250
1,0,0,2,18.86,22.725,72,19.999499999999998,94
3,0,1,2,27.060000000000002,29.544999999999998,94,15.001299999999999,102
1,0,1,1,9.02,11.365,55.00000000000001,12.998,58
3,0,1,1,28.7,32.574999999999996,57.99999999999999,8.9981,291
2,0,0,1,27.060000000000002,31.06,50,0,493
3,0,0,1,30.34,32.574999999999996,40,0,442
2,0,1,1,27.060000000000002,31.06,34,8.9981,350
3,0,1,1,31.16,33.335,33,22.0028,177
1,0,1,1,15.58,19.695,40,15.001299999999999,141
1,0,1,1,20.5,24.240000000000002,25,0,125
1,0,1,1,6.5600000000000005,6.819999999999999,34,26.0027,69
3,0,1,1,32.800000000000004,37.12,52,19.0012,173
3,0,1,3,33.62,37.88,46,8.9981,158
1,0,1,2,18.04,21.97,82,8.9981,294
2,0,1,3,26.240000000000002,28.79,89,16.997899999999998,60
4,0,1,1,18.04,21.97,18,27.999299999999998,228
2,0,1,2,29.52,33.335,54,22.0028,153
3,0,0,1,32.800000000000004,36.364999999999995,46,19.999499999999998,367
3,0,0,1,30.34,32.574999999999996,40,11.0014,443
4,0,0,1,20.5,24.240000000000002,48,6.0032,585
2,0,1,1,21.32,25,48,27.999299999999998,272
1,0,0,1,6.5600000000000005,6.0600000000000005,40,35.0008,111
1,0,1,2,12.299999999999999,16.665,45,0,68
2,0,0,1,33.62,34.85,23,12.998,593
2,0,1,2,25.419999999999998,29.544999999999998,78,16.997899999999998,107
2,0,1,1,22.96,26.515,26,15.001299999999999,228
2,0,0,2,26.240000000000002,31.06,27,30.002599999999997,660
4,0,1,3,18.86,22.725,100,15.001299999999999,55
4,0,1,2,13.940000000000001,15.15,49,30.002599999999997,124
2,0,1,1,25.419999999999998,31.06,28.999999999999996,16.997899999999998,239
1,0,0,1,12.299999999999999,12.879999999999999,36,43.9989,169
3,0,1,2,28.7,32.574999999999996,54,12.998,409
3,0,1,1,29.52,33.335,51,12.998,184
3,0,0,1,26.240000000000002,28.79,89,7.0015,377
4,0,1,2,24.599999999999998,28.79,78,19.0012,185
3,0,1,1,31.98,34.089999999999996,31,11.0014,312
2,0,1,1,30.34,34.089999999999996,55.00000000000001,8.9981,210
3,0,1,1,32.800000000000004,35.605,41,19.0012,201
3,0,1,1,35.26,41.665,53,19.0012,134
2,0,1,1,31.16,33.335,31,12.998,254
2,0,0,3,21.32,25,100,6.0032,279
4,0,1,1,16.400000000000002,20.455000000000002,47,8.9981,207
4,0,1,2,21.32,25,77,0,66
4,0,1,1,22.96,26.515,37,11.0014,145
2,1,0,1,31.16,34.089999999999996,45,22.0028,288
2,0,1,1,36.9,42.425000000000004,42,0,136
2,0,1,1,24.599999999999998,31.06,33,23.9994,244
4,0,1,1,30.34,32.574999999999996,30,16.997899999999998,301
2,0,0,1,21.32,25,34,26.0027,361
4,0,0,1,15.58,19.695,50,12.998,314
1,0,1,2,8.200000000000001,9.85,86,15.001299999999999,22
3,0,1,2,33.62,39.395,56.00000000000001,16.997899999999998,147
4,0,1,2,24.599999999999998,31.06,53,16.997899999999998,377
2,0,1,1,18.86,22.725,38,11.0014,199
4,0,1,1,14.76,17.424999999999997,43,8.9981,181
2,0,1,1,31.98,33.335,24,22.0028,185
3,0,0,1,31.98,34.089999999999996,33,16.997899999999998,609
2,0,1,1,29.52,32.574999999999996,39,12.998,376
4,0,1,2,22.14,25.759999999999998,49,8.9981,310
1,0,1,2,14.76,16.665,56.99999999999999,19.0012,97
4,0,1,2,15.58,19.695,43,23.9994,112
2,0,0,1,21.32,25,42,26.0027,416
1,0,1,1,25.419999999999998,31.06,33,15.001299999999999,192
2,0,0,1,27.060000000000002,31.06,36,12.998,615
2,0,0,1,13.940000000000001,15.909999999999998,28.999999999999996,15.001299999999999,216
4,0,1,3,20.5,24.240000000000002,88,8.9981,53
2,0,1,1,36.9,40.910000000000004,37,16.997899999999998,145
4,0,1,1,19.68,23.485,48,22.0028,206
3,0,1,1,30.34,32.574999999999996,40,8.9981,196
1,0,1,1,8.200000000000001,7.575,25,35.0008,62
3,0,1,2,27.060000000000002,31.06,69,15.001299999999999,260
2,0,1,1,18.86,22.725,36,19.999499999999998,281
3,0,1,3,29.52,33.335,54,16.997899999999998,198
1,0,1,1,13.940000000000001,15.909999999999998,39,19.0012,117
3,0,1,1,30.34,34.089999999999996,55.00000000000001,22.0028,235
2,0,1,1,22.96,26.515,94,19.999499999999998,54
3,0,1,1,37.72,41.665,33,15.001299999999999,310
2,0,1,1,30.34,34.089999999999996,57.99999999999999,8.9981,367
3,0,1,1,32.800000000000004,34.089999999999996,24,0,292
1,0,0,1,10.66,11.365,35,19.999499999999998,118
2,0,1,2,21.32,25,88,26.0027,226
1,0,1,1,24.599999999999998,29.544999999999998,15,32.9975,90
4,1,0,1,13.940000000000001,14.395,42,31.0009,239
1,0,0,1,17.22,21.21,77,19.0012,84
4,0,0,1,16.400000000000002,20.455000000000002,43,15.001299999999999,493
1,0,1,1,14.76,17.424999999999997,46,15.001299999999999,170
4,0,1,1,14.76,16.665,43,16.997899999999998,214
2,0,1,2,23.779999999999998,27.275,73,8.9981,225
1,0,0,2,17.22,21.21,67,16.997899999999998,299
2,0,1,1,18.86,22.725,33,26.0027,306
3,0,1,1,28.7,32.574999999999996,48,12.998,238
4,0,1,1,14.76,16.665,43,23.9994,167
2,0,0,2,32.800000000000004,36.364999999999995,46,19.0012,334
2,0,1,1,22.14,25.759999999999998,28.000000000000004,47.9988,280
1,0,1,1,12.299999999999999,13.635,49,31.0009,109
4,0,1,2,26.240000000000002,31.06,38,12.998,219
3,0,1,2,27.880000000000003,31.819999999999997,65,8.9981,279
2,0,1,1,26.240000000000002,29.544999999999998,78,19.999499999999998,150
2,0,1,1,22.14,25.759999999999998,24,12.998,224
4,0,1,2,16.400000000000002,20.455000000000002,40,7.0015,251
4,0,1,2,24.599999999999998,29.544999999999998,73,11.0014,181
4,0,1,1,26.240000000000002,31.06,41,19.0012,190
2,0,0,1,28.7,32.574999999999996,57.99999999999999,19.0012,441
2,0,0,1,30.34,34.85,66,16.997899999999998,570
3,0,0,1,36.9,40.910000000000004,37,16.997899999999998,476
3,0,0,1,35.26,39.395,41,7.0015,480
3,0,1,1,34.44,38.635000000000005,47,8.9981,254
1,0,1,1,24.599999999999998,30.305,64,16.997899999999998,282
4,0,0,1,22.96,26.515,46,7.0015,703
2,0,1,1,25.419999999999998,30.305,69,15.001299999999999,187
2,0,0,2,29.52,33.335,51,12.998,401
4,0,0,2,14.76,18.94,71,0,479
2,1,0,1,35.26,40.15,47,7.0015,366
4,0,1,2,16.400000000000002,20.455000000000002,87,8.9981,210
1,0,1,1,16.400000000000002,20.455000000000002,43,11.0014,234
1,0,1,3,9.02,9.85,87,22.0028,10
2,0,1,1,20.5,24.240000000000002,51,26.0027,107
3,0,1,1,33.62,37.12,43,7.0015,203
2,0,1,1,31.16,33.335,31,26.0027,373
